,Energy_Consumption
0,3.691499244
1,3.769797145
2,3.825677497
3,3.857278812
4,3.816165484
5,3.734747276
6,3.688199295
7,3.686367787
8,3.682139918
9,3.659532275
10,3.64543012
11,3.630643647
12,3.632848868
13,3.675408655
14,3.718491241
15,3.72174046
16,3.715765246
17,3.700978402
18,3.684572773
19,3.690024791
20,3.711685736
21,3.72919517
22,3.73745742
23,3.733793573
24,3.723168994
25,3.7150806
26,3.711096578
27,3.706338189
28,3.698977411
29,3.69238394
30,3.689609192
31,3.692162593
32,3.69992416
33,3.706963629
34,3.707979169
35,3.70434203
36,3.699499193
37,3.696523041
38,3.698006584
39,3.702797471
40,3.707587326
41,3.710461105
42,3.711110103
43,3.710306592
44,3.709165056
45,3.707942314
46,3.70624599
47,3.704154792
48,3.702500866
49,3.702085106
50,3.703045514
51,3.704746409
52,3.705986519
53,3.705886896
54,3.704648986
55,3.703158162
56,3.702280631
57,3.702443973
58,3.703414756
59,3.704582388
60,3.705484786
61,3.705973454
62,3.706105615
63,3.705987657
64,3.705664105
65,3.705164898
66,3.704625696
67,3.704277024
68,3.704286729
69,3.704625095
70,3.705069904
71,3.705335066
72,3.705254265
73,3.704886374
74,3.704446957
75,3.704152939
76,3.704108899
77,3.704279321
78,3.704547438
79,3.704803371
80,3.70498583
81,3.705073692
82,3.705065897
83,3.704973756
84,3.704829195
85,3.704690071
86,3.704620729
87,3.70465465
88,3.704770223
89,3.704901176
90,3.704975092
91,3.704954932
92,3.704856673
93,3.704732909
94,3.704638605
95,3.704604147
96,3.704628308
97,3.70468877
98,3.704758317
99,3.70481518
100,3.704845739
101,3.704844626
102,3.70481558
103,3.704771955
104,3.70473354
105,3.704718391
106,3.704733473
107,3.704770532
108,3.704810609
109,3.704834488
110,3.704832555
111,3.704808399
112,3.704774902
113,3.704746435
114,3.704732303
115,3.704734346
116,3.704748398
117,3.704767406
118,3.704784229
119,3.704793483
120,3.704792758
121,3.704783303
122,3.704769722
123,3.704758263
124,3.704754089
125,3.704758845
126,3.704769947
127,3.704782069
128,3.704789922
129,3.704790728
130,3.704785115
131,3.70477625
132,3.70476799
133,3.704763205
134,3.704762926
135,3.704766412
136,3.704771771
137,3.704776762
138,3.70477954
139,3.704779242
140,3.704776251
141,3.704772022
142,3.704768457
143,3.704767064
144,3.704768303
145,3.704771447
146,3.704775015
147,3.704777518
148,3.704778107
149,3.70477684
150,3.704774497
151,3.704772135
152,3.704770632
153,3.704770399
154,3.704771321
155,3.704772879
156,3.704774386
157,3.70477525
158,3.704775181
159,3.704774283
160,3.704772993
161,3.704771879
162,3.704771387
163,3.704771665
164,3.704772521
165,3.704773547
166,3.704774318
167,3.70477457
168,3.704774285
169,3.704773657
170,3.704772979
171,3.704772517
172,3.704772418
173,3.704772669
174,3.704773128
175,3.704773589
176,3.704773866
177,3.704773864
178,3.704773608
179,3.704773226
180,3.704772883
181,3.704772713
182,3.704772766
183,3.704772994
184,3.704773285
185,3.704773517
186,3.704773608
187,3.704773544
188,3.704773372
189,3.704773175
190,3.704773034
191,3.704772996
192,3.704773063
193,3.704773198
194,3.704773339
195,3.704773428
196,3.704773436
197,3.704773367
198,3.704773256
199,3.704773152
200,3.704773096
201,3.704773103
202,3.704773163
203,3.704773246
204,3.704773315
205,3.704773346
206,3.704773332
207,3.704773284
208,3.704773226
209,3.704773182
210,3.704773168
211,3.704773186
212,3.704773225
213,3.704773267
214,3.704773296
215,3.704773301
216,3.704773283
217,3.704773252
218,3.704773221
219,3.704773203
220,3.704773203
221,3.704773219
222,3.704773242
223,3.704773263
224,3.704773273
225,3.70477327
226,3.704773256
227,3.704773239
228,3.704773226
229,3.704773221
230,3.704773225
231,3.704773236
232,3.704773249
233,3.704773258
234,3.70477326
235,3.704773256
236,3.704773247
237,3.704773238
238,3.704773232
239,3.704773231
240,3.704773236
241,3.704773242
242,3.704773249
243,3.704773252
244,3.704773251
245,3.704773248
246,3.704773243
247,3.704773238
248,3.704773237
249,3.704773238
250,3.704773241
251,3.704773244
252,3.704773247
253,3.704773248
254,3.704773247
255,3.704773245
256,3.704773242
257,3.70477324
258,3.70477324
259,3.704773241
260,3.704773243
261,3.704773245
262,3.704773246
263,3.704773246
264,3.704773245
265,3.704773243
266,3.704773242
267,3.704773241
268,3.704773242
269,3.704773242
270,3.704773244
271,3.704773244
272,3.704773245
273,3.704773244
274,3.704773244
275,3.704773243
276,3.704773242
277,3.704773242
278,3.704773243
279,3.704773243
280,3.704773244
281,3.704773244
282,3.704773244
283,3.704773244
284,3.704773243
285,3.704773243
286,3.704773243
287,3.704773243
288,3.704773243
289,3.704773243
290,3.704773244
291,3.704773244
292,3.704773244
293,3.704773243
294,3.704773243
295,3.704773243
296,3.704773243
297,3.704773243
298,3.704773243
299,3.704773243
300,3.704773243
301,3.704773243
302,3.704773243
303,3.704773243
304,3.704773243
305,3.704773243
306,3.704773243
307,3.704773243
308,3.704773243
309,3.704773243
310,3.704773243
311,3.704773243
312,3.704773243
313,3.704773243
314,3.704773243
315,3.704773243
316,3.704773243
317,3.704773243
318,3.704773243
319,3.704773243
320,3.704773243
321,3.704773243
322,3.704773243
323,3.704773243
324,3.704773243
325,3.704773243
326,3.704773243
327,3.704773243
328,3.704773243
329,3.704773243
330,3.704773243
331,3.704773243
332,3.704773243
333,3.704773243
334,3.704773243
335,3.704773243
336,3.704773243
337,3.704773243
338,3.704773243
339,3.704773243
340,3.704773243
341,3.704773243
342,3.704773243
343,3.704773243
344,3.704773243
345,3.704773243
346,3.704773243
347,3.704773243
348,3.704773243
349,3.704773243
350,3.704773243
351,3.704773243
352,3.704773243
353,3.704773243
354,3.704773243
355,3.704773243
356,3.704773243
357,3.704773243
358,3.704773243
359,3.704773243
360,3.704773243
361,3.704773243
362,3.704773243
363,3.704773243
364,3.704773243
365,3.704773243
366,3.704773243
367,3.704773243
368,3.704773243
369,3.704773243
370,3.704773243
371,3.704773243
372,3.704773243
373,3.704773243
374,3.704773243
375,3.704773243
376,3.704773243
377,3.704773243
378,3.704773243
379,3.704773243
380,3.704773243
381,3.704773243
382,3.704773243
383,3.704773243
384,3.704773243
385,3.704773243
386,3.704773243
387,3.704773243
388,3.704773243
389,3.704773243
390,3.704773243
391,3.704773243
392,3.704773243
393,3.704773243
394,3.704773243
395,3.704773243
396,3.704773243
397,3.704773243
398,3.704773243
399,3.704773243
400,3.704773243
401,3.704773243
402,3.704773243
403,3.704773243
404,3.704773243
405,3.704773243
406,3.704773243
407,3.704773243
408,3.704773243
409,3.704773243
410,3.704773243
411,3.704773243
412,3.704773243
413,3.704773243
414,3.704773243
415,3.704773243
416,3.704773243
417,3.704773243
418,3.704773243
419,3.704773243
420,3.704773243
421,3.704773243
422,3.704773243
423,3.704773243
424,3.704773243
425,3.704773243
426,3.704773243
427,3.704773243
428,3.704773243
429,3.704773243
430,3.704773243
431,3.704773243
432,3.704773243
433,3.704773243
434,3.704773243
435,3.704773243
436,3.704773243
437,3.704773243
438,3.704773243
439,3.704773243
440,3.704773243
441,3.704773243
442,3.704773243
443,3.704773243
444,3.704773243
445,3.704773243
446,3.704773243
447,3.704773243
448,3.704773243
449,3.704773243
450,3.704773243
451,3.704773243
452,3.704773243
453,3.704773243
454,3.704773243
455,3.704773243
456,3.704773243
457,3.704773243
458,3.704773243
459,3.704773243
460,3.704773243
461,3.704773243
462,3.704773243
463,3.704773243
464,3.704773243
465,3.704773243
466,3.704773243
467,3.704773243
468,3.704773243
469,3.704773243
470,3.704773243
471,3.704773243
472,3.704773243
473,3.704773243
474,3.704773243
475,3.704773243
476,3.704773243
477,3.704773243
478,3.704773243
479,3.704773243
480,3.704773243
481,3.704773243
482,3.704773243
483,3.704773243
484,3.704773243
485,3.704773243
486,3.704773243
487,3.704773243
488,3.704773243
489,3.704773243
490,3.704773243
491,3.704773243
492,3.704773243
493,3.704773243
494,3.704773243
495,3.704773243
496,3.704773243
497,3.704773243
498,3.704773243
499,3.704773243
500,3.704773243
501,3.704773243
502,3.704773243
503,3.704773243
504,3.704773243
505,3.704773243
506,3.704773243
507,3.704773243
508,3.704773243
509,3.704773243
510,3.704773243
511,3.704773243
512,3.704773243
513,3.704773243
514,3.704773243
515,3.704773243
516,3.704773243
517,3.704773243
518,3.704773243
519,3.704773243
520,3.704773243
521,3.704773243
522,3.704773243
523,3.704773243
524,3.704773243
525,3.704773243
526,3.704773243
527,3.704773243
528,3.704773243
529,3.704773243
530,3.704773243
531,3.704773243
532,3.704773243
533,3.704773243
534,3.704773243
535,3.704773243
536,3.704773243
537,3.704773243
538,3.704773243
539,3.704773243
540,3.704773243
541,3.704773243
542,3.704773243
543,3.704773243
544,3.704773243
545,3.704773243
546,3.704773243
547,3.704773243
548,3.704773243
549,3.704773243
550,3.704773243
551,3.704773243
552,3.704773243
553,3.704773243
554,3.704773243
555,3.704773243
556,3.704773243
557,3.704773243
558,3.704773243
559,3.704773243
560,3.704773243
561,3.704773243
562,3.704773243
563,3.704773243
564,3.704773243
565,3.704773243
566,3.704773243
567,3.704773243
568,3.704773243
569,3.704773243
570,3.704773243
571,3.704773243
572,3.704773243
573,3.704773243
574,3.704773243
575,3.704773243
576,3.704773243
577,3.704773243
578,3.704773243
579,3.704773243
580,3.704773243
581,3.704773243
582,3.704773243
583,3.704773243
584,3.704773243
585,3.704773243
586,3.704773243
587,3.704773243
588,3.704773243
589,3.704773243
590,3.704773243
591,3.704773243
592,3.704773243
593,3.704773243
594,3.704773243
595,3.704773243
596,3.704773243
597,3.704773243
598,3.704773243
599,3.704773243
600,3.704773243
601,3.704773243
602,3.704773243
603,3.704773243
604,3.704773243
605,3.704773243
606,3.704773243
607,3.704773243
608,3.704773243
609,3.704773243
610,3.704773243
611,3.704773243
612,3.704773243
613,3.704773243
614,3.704773243
615,3.704773243
616,3.704773243
617,3.704773243
618,3.704773243
619,3.704773243
620,3.704773243
621,3.704773243
622,3.704773243
623,3.704773243
624,3.704773243
625,3.704773243
626,3.704773243
627,3.704773243
628,3.704773243
629,3.704773243
630,3.704773243
631,3.704773243
632,3.704773243
633,3.704773243
634,3.704773243
635,3.704773243
636,3.704773243
637,3.704773243
638,3.704773243
639,3.704773243
640,3.704773243
641,3.704773243
642,3.704773243
643,3.704773243
644,3.704773243
645,3.704773243
646,3.704773243
647,3.704773243
648,3.704773243
649,3.704773243
650,3.704773243
651,3.704773243
652,3.704773243
653,3.704773243
654,3.704773243
655,3.704773243
656,3.704773243
657,3.704773243
658,3.704773243
659,3.704773243
660,3.704773243
661,3.704773243
662,3.704773243
663,3.704773243
664,3.704773243
665,3.704773243
666,3.704773243
667,3.704773243
668,3.704773243
669,3.704773243
670,3.704773243
671,3.704773243
672,3.704773243
673,3.704773243
674,3.704773243
675,3.704773243
676,3.704773243
677,3.704773243
678,3.704773243
679,3.704773243
680,3.704773243
681,3.704773243
682,3.704773243
683,3.704773243
684,3.704773243
685,3.704773243
686,3.704773243
687,3.704773243
688,3.704773243
689,3.704773243
690,3.704773243
691,3.704773243
692,3.704773243
693,3.704773243
694,3.704773243
695,3.704773243
696,3.704773243
697,3.704773243
698,3.704773243
699,3.704773243
700,3.704773243
701,3.704773243
702,3.704773243
703,3.704773243
704,3.704773243
705,3.704773243
706,3.704773243
707,3.704773243
708,3.704773243
709,3.704773243
710,3.704773243
711,3.704773243
712,3.704773243
713,3.704773243
714,3.704773243
715,3.704773243
716,3.704773243
717,3.704773243
718,3.704773243
719,3.704773243
720,3.704773243
721,3.704773243
722,3.704773243
723,3.704773243
724,3.704773243
725,3.704773243
726,3.704773243
727,3.704773243
728,3.704773243
729,3.704773243
730,3.704773243
731,3.704773243
732,3.704773243
733,3.704773243
734,3.704773243
735,3.704773243
736,3.704773243
737,3.704773243
738,3.704773243
739,3.704773243
740,3.704773243
741,3.704773243
742,3.704773243
743,3.704773243
744,3.704773243
745,3.704773243
746,3.704773243
747,3.704773243
748,3.704773243
749,3.704773243
750,3.704773243
751,3.704773243
752,3.704773243
753,3.704773243
754,3.704773243
755,3.704773243
756,3.704773243
757,3.704773243
758,3.704773243
759,3.704773243
760,3.704773243
761,3.704773243
762,3.704773243
763,3.704773243
764,3.704773243
765,3.704773243
766,3.704773243
767,3.704773243
768,3.704773243
769,3.704773243
770,3.704773243
771,3.704773243
772,3.704773243
773,3.704773243
774,3.704773243
775,3.704773243
776,3.704773243
777,3.704773243
778,3.704773243
779,3.704773243
780,3.704773243
781,3.704773243
782,3.704773243
783,3.704773243
784,3.704773243
785,3.704773243
786,3.704773243
787,3.704773243
788,3.704773243
789,3.704773243
790,3.704773243
791,3.704773243
792,3.704773243
793,3.704773243
794,3.704773243
795,3.704773243
796,3.704773243
797,3.704773243
798,3.704773243
799,3.704773243
800,3.704773243
801,3.704773243
802,3.704773243
803,3.704773243
804,3.704773243
805,3.704773243
806,3.704773243
807,3.704773243
808,3.704773243
809,3.704773243
810,3.704773243
811,3.704773243
812,3.704773243
813,3.704773243
814,3.704773243
815,3.704773243
816,3.704773243
817,3.704773243
818,3.704773243
819,3.704773243
820,3.704773243
821,3.704773243
822,3.704773243
823,3.704773243
824,3.704773243
825,3.704773243
826,3.704773243
827,3.704773243
828,3.704773243
829,3.704773243
830,3.704773243
831,3.704773243
832,3.704773243
833,3.704773243
834,3.704773243
835,3.704773243
836,3.704773243
837,3.704773243
838,3.704773243
839,3.704773243
840,3.704773243
841,3.704773243
842,3.704773243
843,3.704773243
844,3.704773243
845,3.704773243
846,3.704773243
847,3.704773243
848,3.704773243
849,3.704773243
850,3.704773243
851,3.704773243
852,3.704773243
853,3.704773243
854,3.704773243
855,3.704773243
856,3.704773243
857,3.704773243
858,3.704773243
859,3.704773243
860,3.704773243
861,3.704773243
862,3.704773243
863,3.704773243
864,3.704773243
865,3.704773243
866,3.704773243
867,3.704773243
868,3.704773243
869,3.704773243
870,3.704773243
871,3.704773243
872,3.704773243
873,3.704773243
874,3.704773243
875,3.704773243
876,3.704773243
877,3.704773243
878,3.704773243
879,3.704773243
880,3.704773243
881,3.704773243
882,3.704773243
883,3.704773243
884,3.704773243
885,3.704773243
886,3.704773243
887,3.704773243
888,3.704773243
889,3.704773243
890,3.704773243
891,3.704773243
892,3.704773243
893,3.704773243
894,3.704773243
895,3.704773243
896,3.704773243
897,3.704773243
898,3.704773243
899,3.704773243
900,3.704773243
901,3.704773243
902,3.704773243
903,3.704773243
904,3.704773243
905,3.704773243
906,3.704773243
907,3.704773243
908,3.704773243
909,3.704773243
910,3.704773243
911,3.704773243
912,3.704773243
913,3.704773243
914,3.704773243
915,3.704773243
916,3.704773243
917,3.704773243
918,3.704773243
919,3.704773243
920,3.704773243
921,3.704773243
922,3.704773243
923,3.704773243
924,3.704773243
925,3.704773243
926,3.704773243
927,3.704773243
928,3.704773243
929,3.704773243
930,3.704773243
931,3.704773243
932,3.704773243
933,3.704773243
934,3.704773243
935,3.704773243
936,3.704773243
937,3.704773243
938,3.704773243
939,3.704773243
940,3.704773243
941,3.704773243
942,3.704773243
943,3.704773243
944,3.704773243
945,3.704773243
946,3.704773243
947,3.704773243
948,3.704773243
949,3.704773243
950,3.704773243
951,3.704773243
952,3.704773243
953,3.704773243
954,3.704773243
955,3.704773243
956,3.704773243
957,3.704773243
958,3.704773243
959,3.704773243
960,3.704773243
961,3.704773243
962,3.704773243
963,3.704773243
964,3.704773243
965,3.704773243
966,3.704773243
967,3.704773243
968,3.704773243
969,3.704773243
970,3.704773243
971,3.704773243
972,3.704773243
973,3.704773243
974,3.704773243
975,3.704773243
976,3.704773243
977,3.704773243
978,3.704773243
979,3.704773243
980,3.704773243
981,3.704773243
982,3.704773243
983,3.704773243
984,3.704773243
985,3.704773243
986,3.704773243
987,3.704773243
988,3.704773243
989,3.704773243
990,3.704773243
991,3.704773243
992,3.704773243
993,3.704773243
994,3.704773243
995,3.704773243
996,3.704773243
997,3.704773243
998,3.704773243
999,3.704773243
1000,3.704773243
1001,3.704773243
1002,3.704773243
1003,3.704773243
1004,3.704773243
1005,3.704773243
1006,3.704773243
1007,3.704773243
1008,3.704773243
1009,3.704773243
1010,3.704773243
1011,3.704773243
1012,3.704773243
1013,3.704773243
1014,3.704773243
1015,3.704773243
1016,3.704773243
1017,3.704773243
1018,3.704773243
1019,3.704773243
1020,3.704773243
1021,3.704773243
1022,3.704773243
1023,3.704773243
1024,3.704773243
1025,3.704773243
1026,3.704773243
1027,3.704773243
1028,3.704773243
1029,3.704773243
1030,3.704773243
1031,3.704773243
1032,3.704773243
1033,3.704773243
1034,3.704773243
1035,3.704773243
1036,3.704773243
1037,3.704773243
1038,3.704773243
1039,3.704773243
1040,3.704773243
1041,3.704773243
1042,3.704773243
1043,3.704773243
1044,3.704773243
1045,3.704773243
1046,3.704773243
1047,3.704773243
1048,3.704773243
1049,3.704773243
1050,3.704773243
1051,3.704773243
1052,3.704773243
1053,3.704773243
1054,3.704773243
1055,3.704773243
1056,3.704773243
1057,3.704773243
1058,3.704773243
1059,3.704773243
1060,3.704773243
1061,3.704773243
1062,3.704773243
1063,3.704773243
1064,3.704773243
1065,3.704773243
1066,3.704773243
1067,3.704773243
1068,3.704773243
1069,3.704773243
1070,3.704773243
1071,3.704773243
1072,3.704773243
1073,3.704773243
1074,3.704773243
1075,3.704773243
1076,3.704773243
1077,3.704773243
1078,3.704773243
1079,3.704773243
1080,3.704773243
1081,3.704773243
1082,3.704773243
1083,3.704773243
1084,3.704773243
1085,3.704773243
1086,3.704773243
1087,3.704773243
1088,3.704773243
1089,3.704773243
1090,3.704773243
1091,3.704773243
1092,3.704773243
1093,3.704773243
1094,3.704773243
1095,3.704773243
1096,3.704773243
1097,3.704773243
1098,3.704773243
1099,3.704773243
1100,3.704773243
1101,3.704773243
1102,3.704773243
1103,3.704773243
1104,3.704773243
1105,3.704773243
1106,3.704773243
1107,3.704773243
1108,3.704773243
1109,3.704773243
1110,3.704773243
1111,3.704773243
1112,3.704773243
1113,3.704773243
1114,3.704773243
1115,3.704773243
1116,3.704773243
1117,3.704773243
1118,3.704773243
1119,3.704773243
1120,3.704773243
1121,3.704773243
1122,3.704773243
1123,3.704773243
1124,3.704773243
1125,3.704773243
1126,3.704773243
1127,3.704773243
1128,3.704773243
1129,3.704773243
1130,3.704773243
1131,3.704773243
1132,3.704773243
1133,3.704773243
1134,3.704773243
1135,3.704773243
1136,3.704773243
1137,3.704773243
1138,3.704773243
1139,3.704773243
1140,3.704773243
1141,3.704773243
1142,3.704773243
1143,3.704773243
1144,3.704773243
1145,3.704773243
1146,3.704773243
1147,3.704773243
1148,3.704773243
1149,3.704773243
1150,3.704773243
1151,3.704773243
1152,3.704773243
1153,3.704773243
1154,3.704773243
1155,3.704773243
1156,3.704773243
1157,3.704773243
1158,3.704773243
1159,3.704773243
1160,3.704773243
1161,3.704773243
1162,3.704773243
1163,3.704773243
1164,3.704773243
1165,3.704773243
1166,3.704773243
1167,3.704773243
1168,3.704773243
1169,3.704773243
1170,3.704773243
1171,3.704773243
1172,3.704773243
1173,3.704773243
1174,3.704773243
1175,3.704773243
1176,3.704773243
1177,3.704773243
1178,3.704773243
1179,3.704773243
1180,3.704773243
1181,3.704773243
1182,3.704773243
1183,3.704773243
1184,3.704773243
1185,3.704773243
1186,3.704773243
1187,3.704773243
1188,3.704773243
1189,3.704773243
1190,3.704773243
1191,3.704773243
1192,3.704773243
1193,3.704773243
1194,3.704773243
1195,3.704773243
1196,3.704773243
1197,3.704773243
1198,3.704773243
1199,3.704773243
1200,3.704773243
1201,3.704773243
1202,3.704773243
1203,3.704773243
1204,3.704773243
1205,3.704773243
1206,3.704773243
1207,3.704773243
1208,3.704773243
1209,3.704773243
1210,3.704773243
1211,3.704773243
1212,3.704773243
1213,3.704773243
1214,3.704773243
1215,3.704773243
1216,3.704773243
1217,3.704773243
1218,3.704773243
1219,3.704773243
1220,3.704773243
1221,3.704773243
1222,3.704773243
1223,3.704773243
1224,3.704773243
1225,3.704773243
1226,3.704773243
1227,3.704773243
1228,3.704773243
1229,3.704773243
1230,3.704773243
1231,3.704773243
1232,3.704773243
1233,3.704773243
1234,3.704773243
1235,3.704773243
1236,3.704773243
1237,3.704773243
1238,3.704773243
1239,3.704773243
1240,3.704773243
1241,3.704773243
1242,3.704773243
1243,3.704773243
1244,3.704773243
1245,3.704773243
1246,3.704773243
1247,3.704773243
1248,3.704773243
1249,3.704773243
1250,3.704773243
1251,3.704773243
1252,3.704773243
1253,3.704773243
1254,3.704773243
1255,3.704773243
1256,3.704773243
1257,3.704773243
1258,3.704773243
1259,3.704773243
1260,3.704773243
1261,3.704773243
1262,3.704773243
1263,3.704773243
1264,3.704773243
1265,3.704773243
1266,3.704773243
1267,3.704773243
1268,3.704773243
1269,3.704773243
1270,3.704773243
1271,3.704773243
1272,3.704773243
1273,3.704773243
1274,3.704773243
1275,3.704773243
1276,3.704773243
1277,3.704773243
1278,3.704773243
1279,3.704773243
1280,3.704773243
1281,3.704773243
1282,3.704773243
1283,3.704773243
1284,3.704773243
1285,3.704773243
1286,3.704773243
1287,3.704773243
1288,3.704773243
1289,3.704773243
1290,3.704773243
1291,3.704773243
1292,3.704773243
1293,3.704773243
1294,3.704773243
1295,3.704773243
1296,3.704773243
1297,3.704773243
1298,3.704773243
1299,3.704773243
1300,3.704773243
1301,3.704773243
1302,3.704773243
1303,3.704773243
1304,3.704773243
1305,3.704773243
1306,3.704773243
1307,3.704773243
1308,3.704773243
1309,3.704773243
1310,3.704773243
1311,3.704773243
1312,3.704773243
1313,3.704773243
1314,3.704773243
1315,3.704773243
1316,3.704773243
1317,3.704773243
1318,3.704773243
1319,3.704773243
1320,3.704773243
1321,3.704773243
1322,3.704773243
1323,3.704773243
1324,3.704773243
1325,3.704773243
1326,3.704773243
1327,3.704773243
1328,3.704773243
1329,3.704773243
1330,3.704773243
1331,3.704773243
1332,3.704773243
1333,3.704773243
1334,3.704773243
1335,3.704773243
1336,3.704773243
1337,3.704773243
1338,3.704773243
1339,3.704773243
1340,3.704773243
1341,3.704773243
1342,3.704773243
1343,3.704773243
1344,3.704773243
1345,3.704773243
1346,3.704773243
1347,3.704773243
1348,3.704773243
1349,3.704773243
1350,3.704773243
1351,3.704773243
1352,3.704773243
1353,3.704773243
1354,3.704773243
1355,3.704773243
1356,3.704773243
1357,3.704773243
1358,3.704773243
1359,3.704773243
1360,3.704773243
1361,3.704773243
1362,3.704773243
1363,3.704773243
1364,3.704773243
1365,3.704773243
1366,3.704773243
1367,3.704773243
1368,3.704773243
1369,3.704773243
1370,3.704773243
1371,3.704773243
1372,3.704773243
1373,3.704773243
1374,3.704773243
1375,3.704773243
1376,3.704773243
1377,3.704773243
1378,3.704773243
1379,3.704773243
1380,3.704773243
1381,3.704773243
1382,3.704773243
1383,3.704773243
1384,3.704773243
1385,3.704773243
1386,3.704773243
1387,3.704773243
1388,3.704773243
1389,3.704773243
1390,3.704773243
1391,3.704773243
1392,3.704773243
1393,3.704773243
1394,3.704773243
1395,3.704773243
1396,3.704773243
1397,3.704773243
1398,3.704773243
1399,3.704773243
1400,3.704773243
1401,3.704773243
1402,3.704773243
1403,3.704773243
1404,3.704773243
1405,3.704773243
1406,3.704773243
1407,3.704773243
1408,3.704773243
1409,3.704773243
1410,3.704773243
1411,3.704773243
1412,3.704773243
1413,3.704773243
1414,3.704773243
1415,3.704773243
1416,3.704773243
1417,3.704773243
1418,3.704773243
1419,3.704773243
1420,3.704773243
1421,3.704773243
1422,3.704773243
1423,3.704773243
1424,3.704773243
1425,3.704773243
1426,3.704773243
1427,3.704773243
1428,3.704773243
1429,3.704773243
1430,3.704773243
1431,3.704773243
1432,3.704773243
1433,3.704773243
1434,3.704773243
1435,3.704773243
1436,3.704773243
1437,3.704773243
1438,3.704773243
1439,3.704773243
1440,3.704773243
1441,3.704773243
1442,3.704773243
1443,3.704773243
1444,3.704773243
1445,3.704773243
1446,3.704773243
1447,3.704773243
1448,3.704773243
1449,3.704773243
1450,3.704773243
1451,3.704773243
1452,3.704773243
1453,3.704773243
1454,3.704773243
1455,3.704773243
1456,3.704773243
1457,3.704773243
1458,3.704773243
1459,3.704773243
1460,3.704773243
1461,3.704773243
1462,3.704773243
1463,3.704773243
1464,3.704773243
1465,3.704773243
1466,3.704773243
1467,3.704773243
1468,3.704773243
1469,3.704773243
1470,3.704773243
1471,3.704773243
1472,3.704773243
1473,3.704773243
1474,3.704773243
1475,3.704773243
1476,3.704773243
1477,3.704773243
1478,3.704773243
1479,3.704773243
1480,3.704773243
1481,3.704773243
1482,3.704773243
1483,3.704773243
1484,3.704773243
1485,3.704773243
1486,3.704773243
1487,3.704773243
1488,3.704773243
1489,3.704773243
1490,3.704773243
1491,3.704773243
1492,3.704773243
1493,3.704773243
1494,3.704773243
1495,3.704773243
1496,3.704773243
1497,3.704773243
1498,3.704773243
1499,3.704773243
1500,3.704773243
1501,3.704773243
1502,3.704773243
1503,3.704773243
1504,3.704773243
1505,3.704773243
1506,3.704773243
1507,3.704773243
1508,3.704773243
1509,3.704773243
1510,3.704773243
1511,3.704773243
1512,3.704773243
1513,3.704773243
1514,3.704773243
1515,3.704773243
1516,3.704773243
1517,3.704773243
1518,3.704773243
1519,3.704773243
1520,3.704773243
1521,3.704773243
1522,3.704773243
1523,3.704773243
1524,3.704773243
1525,3.704773243
1526,3.704773243
1527,3.704773243
1528,3.704773243
1529,3.704773243
1530,3.704773243
1531,3.704773243
1532,3.704773243
1533,3.704773243
1534,3.704773243
1535,3.704773243
1536,3.704773243
1537,3.704773243
1538,3.704773243
1539,3.704773243
1540,3.704773243
1541,3.704773243
1542,3.704773243
1543,3.704773243
1544,3.704773243
1545,3.704773243
1546,3.704773243
1547,3.704773243
1548,3.704773243
1549,3.704773243
1550,3.704773243
1551,3.704773243
1552,3.704773243
1553,3.704773243
1554,3.704773243
1555,3.704773243
1556,3.704773243
1557,3.704773243
1558,3.704773243
1559,3.704773243
1560,3.704773243
1561,3.704773243
1562,3.704773243
1563,3.704773243
1564,3.704773243
1565,3.704773243
1566,3.704773243
1567,3.704773243
1568,3.704773243
1569,3.704773243
1570,3.704773243
1571,3.704773243
1572,3.704773243
1573,3.704773243
1574,3.704773243
1575,3.704773243
1576,3.704773243
1577,3.704773243
1578,3.704773243
1579,3.704773243
1580,3.704773243
1581,3.704773243
1582,3.704773243
1583,3.704773243
1584,3.704773243
1585,3.704773243
1586,3.704773243
1587,3.704773243
1588,3.704773243
1589,3.704773243
1590,3.704773243
1591,3.704773243
1592,3.704773243
1593,3.704773243
1594,3.704773243
1595,3.704773243
1596,3.704773243
1597,3.704773243
1598,3.704773243
1599,3.704773243
1600,3.704773243
1601,3.704773243
1602,3.704773243
1603,3.704773243
1604,3.704773243
1605,3.704773243
1606,3.704773243
1607,3.704773243
1608,3.704773243
1609,3.704773243
1610,3.704773243
1611,3.704773243
1612,3.704773243
1613,3.704773243
1614,3.704773243
1615,3.704773243
1616,3.704773243
1617,3.704773243
1618,3.704773243
1619,3.704773243
1620,3.704773243
1621,3.704773243
1622,3.704773243
1623,3.704773243
1624,3.704773243
1625,3.704773243
1626,3.704773243
1627,3.704773243
1628,3.704773243
1629,3.704773243
1630,3.704773243
1631,3.704773243
1632,3.704773243
1633,3.704773243
1634,3.704773243
1635,3.704773243
1636,3.704773243
1637,3.704773243
1638,3.704773243
1639,3.704773243
1640,3.704773243
1641,3.704773243
1642,3.704773243
1643,3.704773243
1644,3.704773243
1645,3.704773243
1646,3.704773243
1647,3.704773243
1648,3.704773243
1649,3.704773243
1650,3.704773243
1651,3.704773243
1652,3.704773243
1653,3.704773243
1654,3.704773243
1655,3.704773243
1656,3.704773243
1657,3.704773243
1658,3.704773243
1659,3.704773243
1660,3.704773243
1661,3.704773243
1662,3.704773243
1663,3.704773243
1664,3.704773243
1665,3.704773243
1666,3.704773243
1667,3.704773243
1668,3.704773243
1669,3.704773243
1670,3.704773243
1671,3.704773243
1672,3.704773243
1673,3.704773243
1674,3.704773243
1675,3.704773243
1676,3.704773243
1677,3.704773243
1678,3.704773243
1679,3.704773243
1680,3.704773243
1681,3.704773243
1682,3.704773243
1683,3.704773243
1684,3.704773243
1685,3.704773243
1686,3.704773243
1687,3.704773243
1688,3.704773243
1689,3.704773243
1690,3.704773243
1691,3.704773243
1692,3.704773243
1693,3.704773243
1694,3.704773243
1695,3.704773243
1696,3.704773243
1697,3.704773243
1698,3.704773243
1699,3.704773243
1700,3.704773243
1701,3.704773243
1702,3.704773243
1703,3.704773243
1704,3.704773243
1705,3.704773243
1706,3.704773243
1707,3.704773243
1708,3.704773243
1709,3.704773243
1710,3.704773243
1711,3.704773243
1712,3.704773243
1713,3.704773243
1714,3.704773243
1715,3.704773243
1716,3.704773243
1717,3.704773243
1718,3.704773243
1719,3.704773243
1720,3.704773243
1721,3.704773243
1722,3.704773243
1723,3.704773243
1724,3.704773243
1725,3.704773243
1726,3.704773243
1727,3.704773243
1728,3.704773243
1729,3.704773243
1730,3.704773243
1731,3.704773243
1732,3.704773243
1733,3.704773243
1734,3.704773243
1735,3.704773243
1736,3.704773243
1737,3.704773243
1738,3.704773243
1739,3.704773243
1740,3.704773243
1741,3.704773243
1742,3.704773243
1743,3.704773243
1744,3.704773243
1745,3.704773243
1746,3.704773243
1747,3.704773243
1748,3.704773243
1749,3.704773243
1750,3.704773243
1751,3.704773243
1752,3.704773243
1753,3.704773243
1754,3.704773243
1755,3.704773243
1756,3.704773243
1757,3.704773243
1758,3.704773243
1759,3.704773243
1760,3.704773243
1761,3.704773243
1762,3.704773243
1763,3.704773243
1764,3.704773243
1765,3.704773243
1766,3.704773243
1767,3.704773243
1768,3.704773243
1769,3.704773243
1770,3.704773243
1771,3.704773243
1772,3.704773243
1773,3.704773243
1774,3.704773243
1775,3.704773243
1776,3.704773243
1777,3.704773243
1778,3.704773243
1779,3.704773243
1780,3.704773243
1781,3.704773243
1782,3.704773243
1783,3.704773243
1784,3.704773243
1785,3.704773243
1786,3.704773243
1787,3.704773243
1788,3.704773243
1789,3.704773243
1790,3.704773243
1791,3.704773243
1792,3.704773243
1793,3.704773243
1794,3.704773243
1795,3.704773243
1796,3.704773243
1797,3.704773243
1798,3.704773243
1799,3.704773243
1800,3.704773243
1801,3.704773243
1802,3.704773243
1803,3.704773243
1804,3.704773243
1805,3.704773243
1806,3.704773243
1807,3.704773243
1808,3.704773243
1809,3.704773243
1810,3.704773243
1811,3.704773243
1812,3.704773243
1813,3.704773243
1814,3.704773243
1815,3.704773243
1816,3.704773243
1817,3.704773243
1818,3.704773243
1819,3.704773243
1820,3.704773243
1821,3.704773243
1822,3.704773243
1823,3.704773243
1824,3.704773243
1825,3.704773243
1826,3.704773243
1827,3.704773243
1828,3.704773243
1829,3.704773243
1830,3.704773243
1831,3.704773243
1832,3.704773243
1833,3.704773243
1834,3.704773243
1835,3.704773243
1836,3.704773243
1837,3.704773243
1838,3.704773243
1839,3.704773243
1840,3.704773243
1841,3.704773243
1842,3.704773243
1843,3.704773243
1844,3.704773243
1845,3.704773243
1846,3.704773243
1847,3.704773243
1848,3.704773243
1849,3.704773243
1850,3.704773243
1851,3.704773243
1852,3.704773243
1853,3.704773243
1854,3.704773243
1855,3.704773243
1856,3.704773243
1857,3.704773243
1858,3.704773243
1859,3.704773243
1860,3.704773243
1861,3.704773243
1862,3.704773243
1863,3.704773243
1864,3.704773243
1865,3.704773243
1866,3.704773243
1867,3.704773243
1868,3.704773243
1869,3.704773243
1870,3.704773243
1871,3.704773243
1872,3.704773243
1873,3.704773243
1874,3.704773243
1875,3.704773243
1876,3.704773243
1877,3.704773243
1878,3.704773243
1879,3.704773243
1880,3.704773243
1881,3.704773243
1882,3.704773243
1883,3.704773243
1884,3.704773243
1885,3.704773243
1886,3.704773243
1887,3.704773243
1888,3.704773243
1889,3.704773243
1890,3.704773243
1891,3.704773243
1892,3.704773243
1893,3.704773243
1894,3.704773243
1895,3.704773243
1896,3.704773243
1897,3.704773243
1898,3.704773243
1899,3.704773243
1900,3.704773243
1901,3.704773243
1902,3.704773243
1903,3.704773243
1904,3.704773243
1905,3.704773243
1906,3.704773243
1907,3.704773243
1908,3.704773243
1909,3.704773243
1910,3.704773243
1911,3.704773243
1912,3.704773243
1913,3.704773243
1914,3.704773243
1915,3.704773243
1916,3.704773243
1917,3.704773243
1918,3.704773243
1919,3.704773243
1920,3.704773243
1921,3.704773243
1922,3.704773243
1923,3.704773243
1924,3.704773243
1925,3.704773243
1926,3.704773243
1927,3.704773243
1928,3.704773243
1929,3.704773243
1930,3.704773243
1931,3.704773243
1932,3.704773243
1933,3.704773243
1934,3.704773243
1935,3.704773243
1936,3.704773243
1937,3.704773243
1938,3.704773243
1939,3.704773243
1940,3.704773243
1941,3.704773243
1942,3.704773243
1943,3.704773243
1944,3.704773243
1945,3.704773243
1946,3.704773243
1947,3.704773243
1948,3.704773243
1949,3.704773243
1950,3.704773243
1951,3.704773243
1952,3.704773243
1953,3.704773243
1954,3.704773243
1955,3.704773243
1956,3.704773243
1957,3.704773243
1958,3.704773243
1959,3.704773243
1960,3.704773243
1961,3.704773243
1962,3.704773243
1963,3.704773243
1964,3.704773243
1965,3.704773243
1966,3.704773243
1967,3.704773243
1968,3.704773243
1969,3.704773243
1970,3.704773243
1971,3.704773243
1972,3.704773243
1973,3.704773243
1974,3.704773243
1975,3.704773243
1976,3.704773243
1977,3.704773243
1978,3.704773243
1979,3.704773243
1980,3.704773243
1981,3.704773243
1982,3.704773243
1983,3.704773243
1984,3.704773243
1985,3.704773243
1986,3.704773243
1987,3.704773243
1988,3.704773243
1989,3.704773243
1990,3.704773243
1991,3.704773243
1992,3.704773243
1993,3.704773243
1994,3.704773243
1995,3.704773243
1996,3.704773243
1997,3.704773243
1998,3.704773243
1999,3.704773243
2000,3.704773243
2001,3.704773243
2002,3.704773243
2003,3.704773243
2004,3.704773243
2005,3.704773243
2006,3.704773243
2007,3.704773243
2008,3.704773243
2009,3.704773243
2010,3.704773243
2011,3.704773243
2012,3.704773243
2013,3.704773243
2014,3.704773243
2015,3.704773243
2016,3.704773243
2017,3.704773243
2018,3.704773243
2019,3.704773243
2020,3.704773243
2021,3.704773243
2022,3.704773243
2023,3.704773243
2024,3.704773243
2025,3.704773243
2026,3.704773243
2027,3.704773243
2028,3.704773243
2029,3.704773243
2030,3.704773243
2031,3.704773243
2032,3.704773243
2033,3.704773243
2034,3.704773243
2035,3.704773243
2036,3.704773243
2037,3.704773243
2038,3.704773243
2039,3.704773243
2040,3.704773243
2041,3.704773243
2042,3.704773243
2043,3.704773243
2044,3.704773243
2045,3.704773243
2046,3.704773243
2047,3.704773243
2048,3.704773243
2049,3.704773243
2050,3.704773243
2051,3.704773243
2052,3.704773243
2053,3.704773243
2054,3.704773243
2055,3.704773243
2056,3.704773243
2057,3.704773243
2058,3.704773243
2059,3.704773243
2060,3.704773243
2061,3.704773243
2062,3.704773243
2063,3.704773243
2064,3.704773243
2065,3.704773243
2066,3.704773243
2067,3.704773243
2068,3.704773243
2069,3.704773243
2070,3.704773243
2071,3.704773243
2072,3.704773243
2073,3.704773243
2074,3.704773243
2075,3.704773243
2076,3.704773243
2077,3.704773243
2078,3.704773243
2079,3.704773243
2080,3.704773243
2081,3.704773243
2082,3.704773243
2083,3.704773243
2084,3.704773243
2085,3.704773243
2086,3.704773243
2087,3.704773243
2088,3.704773243
2089,3.704773243
2090,3.704773243
2091,3.704773243
2092,3.704773243
2093,3.704773243
2094,3.704773243
2095,3.704773243
2096,3.704773243
2097,3.704773243
2098,3.704773243
2099,3.704773243
2100,3.704773243
2101,3.704773243
2102,3.704773243
2103,3.704773243
2104,3.704773243
2105,3.704773243
2106,3.704773243
2107,3.704773243
2108,3.704773243
2109,3.704773243
2110,3.704773243
2111,3.704773243
2112,3.704773243
2113,3.704773243
2114,3.704773243
2115,3.704773243
2116,3.704773243
2117,3.704773243
2118,3.704773243
2119,3.704773243
2120,3.704773243
2121,3.704773243
2122,3.704773243
2123,3.704773243
2124,3.704773243
2125,3.704773243
2126,3.704773243
2127,3.704773243
2128,3.704773243
2129,3.704773243
2130,3.704773243
2131,3.704773243
2132,3.704773243
2133,3.704773243
2134,3.704773243
2135,3.704773243
2136,3.704773243
2137,3.704773243
2138,3.704773243
2139,3.704773243
2140,3.704773243
2141,3.704773243
2142,3.704773243
2143,3.704773243
2144,3.704773243
2145,3.704773243
2146,3.704773243
2147,3.704773243
2148,3.704773243
2149,3.704773243
2150,3.704773243
2151,3.704773243
2152,3.704773243
2153,3.704773243
2154,3.704773243
2155,3.704773243
2156,3.704773243
2157,3.704773243
2158,3.704773243
2159,3.704773243
2160,3.704773243
2161,3.704773243
2162,3.704773243
2163,3.704773243
2164,3.704773243
2165,3.704773243
2166,3.704773243
2167,3.704773243
2168,3.704773243
2169,3.704773243
2170,3.704773243
2171,3.704773243
2172,3.704773243
2173,3.704773243
2174,3.704773243
2175,3.704773243
2176,3.704773243
2177,3.704773243
2178,3.704773243
2179,3.704773243
2180,3.704773243
2181,3.704773243
2182,3.704773243
2183,3.704773243
2184,3.704773243
2185,3.704773243
2186,3.704773243
2187,3.704773243
2188,3.704773243
2189,3.704773243
