Unnamed: 0,GDP
0,1620338.0
1,1507227.0
2,1107641.0
3,1479239.0
4,1620338.0
5,1507227.0
6,402985.0
7,405740.0
8,330519.0
9,339528.0
10,402985.0
11,405740.0
12,461491.0
13,420506.0
14,347448.0
15,443434.0
16,461491.0
17,420506.0
18,1124323.0
19,1131006.0
20,786109.0
21,938798.0
22,1124323.0
23,1131006.0
24,6558827.0
25,6469482.0
26,5785632.0
27,6632684.0
28,6558827.0
29,6469482.0
30,298716.0
31,333607.0
32,280283.0
33,289542.0
34,298716.0
35,333607.0
36,1171326.0
37,981535.0
38,835445.0
39,1108937.0
40,1171326.0
41,981535.0
42,2639007.0
43,2469017.0
44,2081496.0
45,2631267.0
46,2639007.0
47,2469017.0
48,8264726.0
49,8173950.0
50,7076798.0
51,8108834.0
52,8264726.0
53,8173950.0
54,811957.0
55,508379.0
56,337105.0
57,643465.0
58,811957.0
59,508379.0
60,3723213.0
61,3325877.0
62,2338929.0
63,3351268.0
64,3723213.0
65,3325877.0
66,520241.0
67,546895.0
68,469238.0
69,487576.0
70,520241.0
71,546895.0
72,5155173.0
73,5032692.0
74,3956127.0
75,5167366.0
76,5155173.0
77,5032692.0
78,144059.0
79,143390.0
80,144403.0
81,144403.0
82,144059.0
83,143390.0
84,15307480.0
85,15638249.0
86,12988811.0
87,14841781.0
88,15307480.0
89,15638249.0
90,22595541.0
91,22595235.0
92,18872230.0
93,22489471.0
94,22595541.0
95,22595235.0
96,157790.0
97,160003.0
98,152928.0
99,156809.0
100,157790.0
101,160003.0
102,3410031.0
103,1759009.0
104,1414878.0
105,2826474.0
106,3410031.0
107,1759009.0
108,359695.0
109,299554.0
110,246179.0
111,351617.0
112,359695.0
113,299554.0
114,7503987.0
115,7428720.0
116,6129281.0
117,7344920.0
118,7503987.0
119,7428720.0
120,1038248.0
121,989177.0
122,904224.0
123,1050393.0
124,1038248.0
125,989177.0
126,2247070.0
127,2665793.0
128,1656567.0
129,1989539.0
130,2247070.0
131,2665793.0
132,5099677.0
133,5043575.0
134,4111796.0
135,5079514.0
136,5099677.0
137,5043575.0
138,2677426.0
139,2629730.0
140,2066736.0
141,2593008.0
142,2677426.0
143,2629730.0
144,160508.0
145,132455.0
146,191000.0
147,189001.0
148,160508.0
149,132455.0
150,1200714.0
151,1252057.0
152,859511.0
153,1330647.0
154,1200714.0
155,1252057.0
156,863893.0
157,993107.0
158,682587.0
159,888068.0
160,863893.0
161,993107.0
162,623448.0
163,611652.0
164,588682.0
165,618727.0
166,623448.0
167,611652.0
168,1725021.0
169,1661393.0
170,1537396.0
171,1724767.0
172,1725021.0
173,1661393.0
174,3131322.0
175,3579795.0
176,3024676.0
177,3026219.0
178,3131322.0
179,3579795.0
180,1073317.0
181,1129360.0
182,1042527.0
183,1061619.0
184,1073317.0
185,1129360.0
186,12909408.0
187,12985162.0
188,10150613.0
189,12921119.0
190,12909408.0
191,12985162.0
192,249354.0
193,252058.0
194,190301.0
195,239208.0
196,249354.0
197,252058.0
198,156619303.0
199,163896258.0
200,132115467.0
201,156220254.0
202,156619303.0
203,163896258.0
204,2395153.0
205,3266975.0
206,1598348.0
207,2268673.0
208,2395153.0
209,3266975.0
210,5960234.0
211,5426381.0
212,4113267.0
213,5970604.0
214,5960234.0
215,5426381.0
216,6381690.0
217,6320278.0
218,5816052.0
219,6383078.0
220,6381690.0
221,6320278.0
222,381294.0
223,373764.0
224,337625.0
225,374316.0
226,381294.0
227,373764.0
228,2945398.0
229,2977463.0
230,2646525.0
231,2969399.0
232,2945398.0
233,2977463.0
234,833575.0
235,825104.0
236,621392.0
237,773885.0
238,833575.0
239,825104.0
240,7212923.0
241,6430797.0
242,4524191.0
243,7021028.0
244,7212923.0
245,6430797.0
246,2525665.0
247,2546564.0
248,2217005.0
249,2550724.0
250,2525665.0
251,2546564.0
252,800220.0
253,786534.0
254,731582.0
255,827172.0
256,800220.0
257,786534.0
258,282502034.0
259,285631050.0
260,257102255.0
261,284543205.0
262,282502034.0
263,285631050.0
264,200078362.0
265,202530133.0
266,182218268.0
267,197106573.0
268,200078362.0
269,202530133.0
270,38485301.0
271,38057884.0
272,33254214.0
273,37980280.0
274,38485301.0
275,38057884.0
276,2873328.0
277,2756564.0
278,2322823.0
279,2886827.0
280,2873328.0
281,2756564.0
282,2089990.0
283,2050087.0
284,1617182.0
285,2084124.0
286,2089990.0
287,2050087.0
288,3666856.0
289,3621473.0
290,3357434.0
291,3863865.0
292,3666856.0
293,3621473.0
294,988922.0
295,1028404.0
296,936447.0
297,965621.0
298,988922.0
299,1028404.0
300,1525325.0
301,1497588.0
302,1124936.0
303,1498516.0
304,1525325.0
305,1497588.0
306,4999487.0
307,4665356.0
308,3357797.0
309,4909455.0
310,4999487.0
311,4665356.0
312,1559992.0
313,1623258.0
314,1145612.0
315,1504226.0
316,1559992.0
317,1623258.0
318,33625589.0
319,33817485.0
320,28792405.0
321,33801635.0
322,33625589.0
323,33817485.0
324,191544.0
325,229346.0
326,151254.0
327,201694.0
328,191544.0
329,229346.0
330,182467.0
331,179682.0
332,143052.0
333,185040.0
334,182467.0
335,179682.0
336,3650271.0
337,3655626.0
338,2727900.0
339,3653860.0
340,3650271.0
341,3655626.0
342,1681039.0
343,2090669.0
344,1075551.0
345,1294998.0
346,1681039.0
347,2090669.0
348,26130946.0
349,26118444.0
350,21669512.0
351,25131512.0
352,26130946.0
353,26118444.0
354,591546.0
355,593728.0
356,475093.0
357,582919.0
358,591546.0
359,593728.0
360,429651.0
361,424063.0
362,437749.0
363,431735.0
364,429651.0
365,424063.0
366,807271.0
367,1514172.0
368,890962.0
369,868821.0
370,807271.0
371,1514172.0
372,1997774.0
373,1901017.0
374,1414789.0
375,1989715.0
376,1997774.0
377,1901017.0
378,636515.0
379,633661.0
380,516051.0
381,682957.0
382,636515.0
383,633661.0
384,2005096.0
385,2156556.0
386,1814777.0
387,1952495.0
388,2005096.0
389,2156556.0
390,170010.0
391,194776.0
392,180441.0
393,166585.0
394,170010.0
395,194776.0
396,172496.0
397,183369.0
398,216456.0
399,184989.0
400,172496.0
401,183369.0
402,692537.0
403,687515.0
404,683153.0
405,696813.0
406,692537.0
407,687515.0
408,3327166.0
409,3348210.0
410,1966798.0
411,2882404.0
412,3327166.0
413,3348210.0
414,41805499.0
415,42231484.0
416,36120881.0
417,41996035.0
418,41805499.0
419,42231484.0
420,1744751.0
421,1755343.0
422,1356745.0
423,1761551.0
424,1744751.0
425,1755343.0
426,1164464.0
427,1178485.0
428,820599.0
429,1068543.0
430,1164464.0
431,1178485.0
432,1445689.0
433,1385702.0
434,1135179.0
435,1349390.0
436,1445689.0
437,1385702.0
438,1537857.0
439,1495882.0
440,1128460.0
441,1410708.0
442,1537857.0
443,1495882.0
444,2670558.0
445,2458382.0
446,1876783.0
447,2607300.0
448,2670558.0
449,2458382.0
450,467748.0
451,480201.0
452,429358.0
453,450256.0
454,467748.0
455,480201.0
456,2801271.0
457,2919820.0
458,2640086.0
459,2730636.0
460,2801271.0
461,2919820.0
462,1766863.0
463,1824037.0
464,1642018.0
465,1754777.0
466,1766863.0
467,1824037.0
468,337744.0
469,356950.0
470,281092.0
471,290275.0
472,337744.0
473,356950.0
474,2620206.0
475,2562730.0
476,2199567.0
477,2596669.0
478,2620206.0
479,2562730.0
480,505992.0
481,524163.0
482,328974.0
483,445797.0
484,505992.0
485,524163.0
486,282029.0
487,282825.0
488,289221.0
489,281424.0
490,282029.0
491,282825.0
492,4112372.0
493,4142455.0
494,3378800.0
495,4239394.0
496,4112372.0
497,4142455.0
498,538912.0
499,540757.0
500,433439.0
501,546413.0
502,538912.0
503,540757.0
504,4353373.0
505,4312158.0
506,3713749.0
507,4319588.0
508,4353373.0
509,4312158.0
510,1737975.0
511,1519946.0
512,1338089.0
513,1686836.0
514,1737975.0
515,1519946.0
516,2656426.0
517,2362776.0
518,1390762.0
519,2455120.0
520,2656426.0
521,2362776.0
522,58621378.0
523,60225529.0
524,49427690.0
525,58920917.0
526,58621378.0
527,60225529.0
528,2634227.0
529,2636550.0
530,2436265.0
531,2666503.0
532,2634227.0
533,2636550.0
534,229024.0
535,228297.0
536,231990.0
537,229701.0
538,229024.0
539,228297.0
540,2546813.0
541,2571786.0
542,1938732.0
543,2099361.0
544,2546813.0
545,2571786.0
546,661526.0
547,922502.0
548,579427.0
549,652155.0
550,661526.0
551,922502.0
552,3515069.0
553,3545705.0
554,2927202.0
555,3320443.0
556,3515069.0
557,3545705.0
558,1024212.0
559,1021414.0
560,1038274.0
561,1025613.0
562,1024212.0
563,1021414.0
564,1776664.0
565,1743856.0
566,1410004.0
567,1755790.0
568,1776664.0
569,1743856.0
570,30007219.0
571,31634783.0
572,25674333.0
573,30144407.0
574,30007219.0
575,31634783.0
576,124216.0
577,126567.0
578,122637.0
579,125124.0
580,124216.0
581,126567.0
582,1762800.0
583,1778809.0
584,1747095.0
585,1762836.0
586,1762800.0
587,1778809.0
588,308249.0
589,203637.0
590,71424.0
591,298232.0
592,308249.0
593,203637.0
594,1083176.0
595,1463517.0
596,1040611.0
597,1117817.0
598,1083176.0
599,1463517.0
600,235278.0
601,276026.0
602,233574.0
603,231749.0
604,235278.0
605,276026.0
606,1212017.0
607,1203597.0
608,960931.0
609,1348642.0
610,1212017.0
611,1203597.0
612,4264154.0
613,3875087.0
614,2961966.0
615,4267199.0
616,4264154.0
617,3875087.0
618,1961605.0
619,1902928.0
620,1700089.0
621,1915660.0
622,1961605.0
623,1902928.0
624,986868.0
625,1021856.0
626,825487.0
627,959019.0
628,986868.0
629,1021856.0
630,607024.0
631,728355.0
632,532452.0
633,599314.0
634,607024.0
635,728355.0
636,11355882.0
637,11376192.0
638,9383237.0
639,11350648.0
640,11355882.0
641,11376192.0
642,3504859.0
643,3482145.0
644,2973043.0
645,3421773.0
646,3504859.0
647,3482145.0
648,10138452.0
649,9150995.0
650,8171028.0
651,8200449.0
652,10138452.0
653,9150995.0
654,28054995.0
655,26314248.0
656,19320273.0
657,27744183.0
658,28054995.0
659,26314248.0
660,140269430.0
661,153264040.0
662,125195303.0
663,140462931.0
664,140269430.0
665,153264040.0
666,1557008.0
667,1570935.0
668,1217642.0
669,1543738.0
670,1557008.0
671,1570935.0
672,115944.0
673,128081.0
674,94497.0
675,95290.0
676,115944.0
677,128081.0
678,794667.0
679,855890.0
680,757578.0
681,790118.0
682,794667.0
683,855890.0
684,635017.0
685,665814.0
686,521355.0
687,523040.0
688,635017.0
689,665814.0
690,298229.0
691,298432.0
692,230903.0
693,294866.0
694,298229.0
695,298432.0
696,2891083.0
697,2960398.0
698,2273458.0
699,2782292.0
700,2891083.0
701,2960398.0
702,1649569.0
703,1523543.0
704,1039116.0
705,1466147.0
706,1649569.0
707,1523543.0
708,18291902.0
709,18397996.0
710,16128633.0
711,19491307.0
712,18291902.0
713,18397996.0
714,5804188.0
715,5496703.0
716,3727420.0
717,4924059.0
718,5804188.0
719,5496703.0
720,379750.0
721,397523.0
722,329554.0
723,363475.0
724,379750.0
725,397523.0
726,424833.0
727,406736.0
728,392928.0
729,446505.0
730,424833.0
731,406736.0
732,253848.0
733,255002.0
734,229232.0
735,408905.0
736,253848.0
737,255002.0
738,1682899.0
739,1633562.0
740,1461841.0
741,1715172.0
742,1682899.0
743,1633562.0
744,495326.0
745,474216.0
746,363716.0
747,812753.0
748,495326.0
749,474216.0
750,1283085.0
751,1279200.0
752,772606.0
753,1070537.0
754,1283085.0
755,1279200.0
756,2535505.0
757,2313856.0
758,1851783.0
759,2555102.0
760,2535505.0
761,2313856.0
762,16757480.0
763,18847005.0
764,12693462.0
765,16638296.0
766,16757480.0
767,18847005.0
768,256018.0
769,254340.0
770,259765.0
771,251912.0
772,256018.0
773,254340.0
774,17998055.0
775,17931531.0
776,15425208.0
777,17837636.0
778,17998055.0
779,17931531.0
780,400726.0
781,373121.0
782,252988.0
783,342884.0
784,400726.0
785,373121.0
786,1360991.0
787,1211357.0
788,1221576.0
789,1326278.0
790,1360991.0
791,1211357.0
792,209963.0
793,208652.0
794,288091.0
795,210582.0
796,209963.0
797,208652.0
798,341329.0
799,364250.0
800,279151.0
801,299500.0
802,341329.0
803,364250.0
804,159250.0
805,171175.0
806,149701.0
807,159679.0
808,159250.0
809,171175.0
810,71034872.0
811,70743395.0
812,58600578.0
813,70924449.0
814,71034872.0
815,70743395.0
816,120393.0
817,127226.0
818,170040.0
819,158051.0
820,120393.0
821,127226.0
822,2098432.0
823,2330092.0
824,1665441.0
825,2134784.0
826,2098432.0
827,2330092.0
828,10290827.0
829,10196507.0
830,8006406.0
831,10138535.0
832,10290827.0
833,10196507.0
834,1065818.0
835,1069155.0
836,830708.0
837,1057600.0
838,1065818.0
839,1069155.0
840,5614143.0
841,4822112.0
842,3282953.0
843,5459445.0
844,5614143.0
845,4822112.0
846,281077.0
847,227626.0
848,262635.0
849,285504.0
850,281077.0
851,227626.0
852,1733295.0
853,1374355.0
854,1035808.0
855,1427652.0
856,1733295.0
857,1374355.0
858,4980613.0
859,5002527.0
860,3686245.0
861,4840212.0
862,4980613.0
863,5002527.0
864,3126874.0
865,3093422.0
866,2108267.0
867,3038093.0
868,3126874.0
869,3093422.0
870,693396.0
871,934623.0
872,503942.0
873,698037.0
874,693396.0
875,934623.0
876,2777545.0
877,2853357.0
878,2701062.0
879,2703845.0
880,2777545.0
881,2853357.0
882,1198142.0
883,1110885.0
884,735157.0
885,1106795.0
886,1198142.0
887,1110885.0
888,90859092.0
889,95156121.0
890,81999419.0
891,91230414.0
892,90859092.0
893,95156121.0
894,391095.0
895,385904.0
896,258646.0
897,461521.0
898,391095.0
899,385904.0
900,14671703.0
901,14697027.0
902,11760280.0
903,14720881.0
904,14671703.0
905,14697027.0
906,520688.0
907,541790.0
908,380848.0
909,488331.0
910,520688.0
911,541790.0
912,707661.0
913,687210.0
914,575576.0
915,735768.0
916,707661.0
917,687210.0
918,360219.0
919,409075.0
920,411698.0
921,362143.0
922,360219.0
923,409075.0
924,467932.0
925,452693.0
926,461723.0
927,476674.0
928,467932.0
929,452693.0
930,20709193.0
931,20839850.0
932,17557673.0
933,20674845.0
934,20709193.0
935,20839850.0
936,1517092.0
937,1515254.0
938,1615229.0
939,1507258.0
940,1517092.0
941,1515254.0
942,684014.0
943,697732.0
944,596142.0
945,581874.0
946,684014.0
947,697732.0
948,25273464.0
949,25529227.0
950,21992757.0
951,25266535.0
952,25273464.0
953,25529227.0
954,553410.0
955,553188.0
956,545644.0
957,554899.0
958,553410.0
959,553188.0
960,3202509.0
961,2781901.0
962,2443861.0
963,2766878.0
964,3202509.0
965,2781901.0
966,951939.0
967,648456.0
968,429320.0
969,804057.0
970,951939.0
971,648456.0
972,651644.0
973,630043.0
974,556198.0
975,634044.0
976,651644.0
977,630043.0
978,686052.0
979,667957.0
980,527840.0
981,620357.0
982,686052.0
983,667957.0
984,389588.0
985,445890.0
986,347671.0
987,394665.0
988,389588.0
989,445890.0
990,341331.0
991,376619.0
992,313085.0
993,337151.0
994,341331.0
995,376619.0
996,13796557.0
997,13798055.0
998,10558636.0
999,13755365.0
1000,13796557.0
1001,13798055.0
1002,50939476.0
1003,52116278.0
1004,43711512.0
1005,52340754.0
1006,50939476.0
1007,52116278.0
1008,3412025.0
1009,3342394.0
1010,2762509.0
1011,3264943.0
1012,3412025.0
1013,3342394.0
1014,1206444.0
1015,1151482.0
1016,980254.0
1017,1164848.0
1018,1206444.0
1019,1151482.0
1020,917698.0
1021,1139675.0
1022,953759.0
1023,932496.0
1024,917698.0
1025,1139675.0
1026,2045894.0
1027,2112648.0
1028,1783166.0
1029,2007610.0
1030,2045894.0
1031,2112648.0
1032,54855458.0
1033,54573790.0
1034,41781425.0
1035,51902726.0
1036,54855458.0
1037,54573790.0
1038,466384.0
1039,431952.0
1040,419164.0
1041,430449.0
1042,466384.0
1043,431952.0
1044,22131131.0
1045,22034611.0
1046,21702365.0
1047,22079329.0
1048,22131131.0
1049,22034611.0
1050,1089564.0
1051,1095352.0
1052,762068.0
1053,1130985.0
1054,1089564.0
1055,1095352.0
1056,78599469.0
1057,79627201.0
1058,65887269.0
1059,75681816.0
1060,78599469.0
1061,79627201.0
1062,1550818.0
1063,1796888.0
1064,527782.0
1065,1636628.0
1066,1550818.0
1067,1796888.0
1068,38954848.0
1069,39217748.0
1070,34373671.0
1071,37937141.0
1072,38954848.0
1073,39217748.0
1074,198580572.0
1075,231065692.0
1076,190771987.0
1077,197963253.0
1078,198580572.0
1079,231065692.0
1080,1267148.0
1081,1189549.0
1082,1081238.0
1083,1313756.0
1084,1267148.0
1085,1189549.0
1086,13082978.0
1087,14705490.0
1088,10483971.0
1089,12646330.0
1090,13082978.0
1091,14705490.0
1092,441110.0
1093,459433.0
1094,356370.0
1095,408610.0
1096,441110.0
1097,459433.0
1098,618146.0
1099,595106.0
1100,317378.0
1101,416125.0
1102,618146.0
1103,595106.0
1104,102541.0
1105,115218.0
1106,119520.0
1107,150666.0
1108,102541.0
1109,115218.0
1110,271695.0
1111,240349.0
1112,469210.0
1113,338489.0
1114,271695.0
1115,240349.0
1116,79823.0
1117,110834.0
1118,78152.0
1119,79100.0
1120,79823.0
1121,110834.0
1122,3207529.0
1123,3245868.0
1124,3155462.0
1125,3113222.0
1126,3207529.0
1127,3245868.0
1128,4681826.0
1129,4683329.0
1130,3602867.0
1131,4538473.0
1132,4681826.0
1133,4683329.0
1134,803539.0
1135,776092.0
1136,661746.0
1137,802737.0
1138,803539.0
1139,776092.0
1140,2505389.0
1141,2482265.0
1142,1262738.0
1143,2532986.0
1144,2505389.0
1145,2482265.0
1146,590651.0
1147,514146.0
1148,254450.0
1149,464328.0
1150,590651.0
1151,514146.0
1152,9779103.0
1153,9644992.0
1154,8157717.0
1155,10241225.0
1156,9779103.0
1157,9644992.0
1158,596083.0
1159,668763.0
1160,562736.0
1161,603401.0
1162,596083.0
1163,668763.0
1164,317073.0
1165,347357.0
1166,53830.0
1167,165720.0
1168,317073.0
1169,347357.0
1170,836342.0
1171,770534.0
1172,743393.0
1173,782362.0
1174,836342.0
1175,770534.0
1176,20843096.0
1177,21320409.0
1178,18110121.0
1179,21043284.0
1180,20843096.0
1181,21320409.0
1182,190531.0
1183,266303.0
1184,156463.0
1185,197591.0
1186,190531.0
1187,266303.0
1188,79522879.0
1189,78889262.0
1190,67859621.0
1191,81147208.0
1192,79522879.0
1193,78889262.0
1194,666364.0
1195,658046.0
1196,620447.0
1197,652825.0
1198,666364.0
1199,658046.0
1200,4388962.0
1201,4348613.0
1202,3551250.0
1203,4361205.0
1204,4388962.0
1205,4348613.0
1206,46839149.0
1207,52860716.0
1208,43306775.0
1209,46319836.0
1210,46839149.0
1211,52860716.0
1212,17102471.0
1213,3810331.0
1214,3352299.0
1215,11381932.0
1216,17102471.0
1217,3810331.0
1218,2181786.0
1219,2122372.0
1220,1938098.0
1221,2253381.0
1222,2181786.0
1223,2122372.0
1224,10755353.0
1225,6761142.0
1226,6091445.0
1227,10541319.0
1228,10755353.0
1229,6761142.0
1230,18331378.0
1231,5476808.0
1232,5196844.0
1233,16536419.0
1234,18331378.0
1235,5476808.0
1236,42820661.0
1237,35208456.0
1238,26858814.0
1239,41363235.0
1240,42820661.0
1241,35208456.0
1242,380540.0
1243,388879.0
1244,403462.0
1245,399532.0
1246,380540.0
1247,388879.0
1248,148903.0
1249,141302.0
1250,124537.0
1251,120212.0
1252,148903.0
1253,141302.0
1254,304626.0
1255,308942.0
1256,254550.0
1257,290370.0
1258,304626.0
1259,308942.0
1260,3090386.0
1261,3122333.0
1262,2439612.0
1263,3232321.0
1264,3090386.0
1265,3122333.0
1266,270776865.0
1267,283188402.0
1268,235346117.0
1269,269380943.0
1270,270776865.0
1271,283188402.0
1272,750973.0
1273,736674.0
1274,776647.0
1275,780426.0
1276,750973.0
1277,736674.0
1278,1935884.0
1279,1961580.0
1280,1070160.0
1281,1861491.0
1282,1935884.0
1283,1961580.0
1284,2415448.0
1285,2418967.0
1286,1964380.0
1287,2488508.0
1288,2415448.0
1289,2418967.0
1290,790719.0
1291,877872.0
1292,697717.0
1293,727740.0
1294,790719.0
1295,877872.0
1296,2088007.0
1297,2132887.0
1298,1373826.0
1299,1810248.0
1300,2088007.0
1301,2132887.0
1302,5460158.0
1303,4779603.0
1304,4019397.0
1305,5448553.0
1306,5460158.0
1307,4779603.0
1308,640710.0
1309,665881.0
1310,474746.0
1311,618012.0
1312,640710.0
1313,665881.0
1314,3004542.0
1315,3024141.0
1316,1408485.0
1317,2476982.0
1318,3004542.0
1319,3024141.0
1320,2481983.0
1321,2426168.0
1322,1282927.0
1323,2293618.0
1324,2481983.0
1325,2426168.0
1326,18862399.0
1327,18517103.0
1328,14912533.0
1329,18242623.0
1330,18862399.0
1331,18517103.0
1332,339426.0
1333,459204.0
1334,316320.0
1335,337378.0
1336,339426.0
1337,459204.0
1338,140473.0
1339,149984.0
1340,180702.0
1341,180243.0
1342,140473.0
1343,149984.0
1344,281678.0
1345,331977.0
1346,224025.0
1347,261242.0
1348,281678.0
1349,331977.0
1350,1216655.0
1351,1174675.0
1352,1042719.0
1353,1202360.0
1354,1216655.0
1355,1174675.0
1356,1891174.0
1357,1947741.0
1358,1457884.0
1359,1829418.0
1360,1891174.0
1361,1947741.0
1362,1620863.0
1363,1592889.0
1364,1238418.0
1365,1507660.0
1366,1620863.0
1367,1592889.0
1368,594782.0
1369,596214.0
1370,370601.0
1371,562935.0
1372,594782.0
1373,596214.0
1374,521492.0
1375,705210.0
1376,481198.0
1377,513423.0
1378,521492.0
1379,705210.0
1380,16370289.0
1381,16676593.0
1382,14412245.0
1383,16762883.0
1384,16370289.0
1385,16676593.0
1386,164474.0
1387,157519.0
1388,145040.0
1389,172624.0
1390,164474.0
1391,157519.0
1392,808261.0
1393,840977.0
1394,727961.0
1395,772861.0
1396,808261.0
1397,840977.0
1398,7929749.0
1399,7850485.0
1400,5974264.0
1401,8009275.0
1402,7929749.0
1403,7850485.0
1404,23543315.0
1405,23517105.0
1406,20005870.0
1407,23633874.0
1408,23543315.0
1409,23517105.0
1410,3818591.0
1411,3820072.0
1412,3914926.0
1413,3995210.0
1414,3818591.0
1415,3820072.0
1416,460819.0
1417,610780.0
1418,389750.0
1419,389979.0
1420,460819.0
1421,610780.0
1422,607411.0
1423,621697.0
1424,567758.0
1425,589669.0
1426,607411.0
1427,621697.0
1428,441556.0
1429,445326.0
1430,341884.0
1431,428515.0
1432,441556.0
1433,445326.0
1434,1049849.0
1435,1014532.0
1436,929888.0
1437,1121821.0
1438,1049849.0
1439,1014532.0
1440,34548.0
1441,39398.0
1442,28436.0
1443,33949.0
1444,34548.0
1445,39398.0
1446,634817.0
1447,690512.0
1448,716988.0
1449,688329.0
1450,634817.0
1451,690512.0
1452,146173.0
1453,187845.0
1454,175306.0
1455,154780.0
1456,146173.0
1457,187845.0
1458,14338857.0
1459,14075045.0
1460,11955181.0
1461,13752467.0
1462,14338857.0
1463,14075045.0
1464,1075544.0
1465,1059584.0
1466,703605.0
1467,968501.0
1468,1075544.0
1469,1059584.0
1470,2284357.0
1471,1978349.0
1472,1252662.0
1473,1969274.0
1474,2284357.0
1475,1978349.0
1476,199166.0
1477,201542.0
1478,168390.0
1479,206154.0
1480,199166.0
1481,201542.0
1482,2135038.0
1483,2094586.0
1484,1773714.0
1485,2097877.0
1486,2135038.0
1487,2094586.0
1488,10434746.0
1489,10592254.0
1490,9154600.0
1491,10218384.0
1492,10434746.0
1493,10592254.0
1494,1250132.0
1495,1017063.0
1496,949101.0
1497,1091705.0
1498,1250132.0
1499,1017063.0
1500,819863.0
1501,822934.0
1502,677698.0
1503,822375.0
1504,819863.0
1505,822934.0
1506,327282.0
1507,321181.0
1508,317122.0
1509,320801.0
1510,327282.0
1511,321181.0
1512,1888400.0
1513,1981905.0
1514,1817827.0
1515,1915169.0
1516,1888400.0
1517,1981905.0
1518,13708938.0
1519,13670166.0
1520,10517698.0
1521,13460884.0
1522,13708938.0
1523,13670166.0
1524,881939.0
1525,1029785.0
1526,646352.0
1527,798296.0
1528,881939.0
1529,1029785.0
1530,248982.0
1531,266187.0
1532,249841.0
1533,217275.0
1534,248982.0
1535,266187.0
1536,779271.0
1537,774032.0
1538,759603.0
1539,778150.0
1540,779271.0
1541,774032.0
1542,201786.0
1543,184581.0
1544,290809.0
1545,250936.0
1546,201786.0
1547,184581.0
1548,2314181.0
1549,2187932.0
1550,1917551.0
1551,2172848.0
1552,2314181.0
1553,2187932.0
1554,2282542.0
1555,2278330.0
1556,1964135.0
1557,2132288.0
1558,2282542.0
1559,2278330.0
1560,7037383.0
1561,6852917.0
1562,5583279.0
1563,7321632.0
1564,7037383.0
1565,6852917.0
1566,570568.0
1567,542279.0
1568,586818.0
1569,578120.0
1570,570568.0
1571,542279.0
1572,4228319.0
1573,4215147.0
1574,3124177.0
1575,3990743.0
1576,4228319.0
1577,4215147.0
1578,923344.0
1579,1007786.0
1580,741314.0
1581,829315.0
1582,923344.0
1583,1007786.0
1584,750449.0
1585,729656.0
1586,698478.0
1587,728556.0
1588,750449.0
1589,729656.0
1590,3800390.0
1591,3848984.0
1592,3017242.0
1593,3787827.0
1594,3800390.0
1595,3848984.0
1596,737465.0
1597,754794.0
1598,703123.0
1599,707535.0
1600,737465.0
1601,754794.0
1602,7144152.0
1603,5938960.0
1604,4926698.0
1605,7249146.0
1606,7144152.0
1607,5938960.0
1608,285353.0
1609,280862.0
1610,217306.0
1611,249685.0
1612,285353.0
1613,280862.0
1614,245121.0
1615,273541.0
1616,223200.0
1617,187445.0
1618,245121.0
1619,273541.0
1620,1108622.0
1621,1484640.0
1622,1008128.0
1623,1063014.0
1624,1108622.0
1625,1484640.0
1626,523941.0
1627,527116.0
1628,482562.0
1629,486946.0
1630,523941.0
1631,527116.0
1632,1608442.0
1633,1238949.0
1634,1042367.0
1635,1299880.0
1636,1608442.0
1637,1238949.0
1638,19310372.0
1639,19549961.0
1640,15508213.0
1641,19086684.0
1642,19310372.0
1643,19549961.0
1644,1742284.0
1645,1698508.0
1646,1222177.0
1647,1526354.0
1648,1742284.0
1649,1698508.0
1650,3485840.0
1651,3310653.0
1652,2935703.0
1653,3519421.0
1654,3485840.0
1655,3310653.0
1656,255985.0
1657,283980.0
1658,266814.0
1659,467924.0
1660,255985.0
1661,283980.0
1662,6105463.0
1663,5723751.0
1664,5255624.0
1665,5987315.0
1666,6105463.0
1667,5723751.0
1668,11399842.0
1669,11128923.0
1670,10084741.0
1671,10337258.0
1672,11399842.0
1673,11128923.0
1674,1303250.0
1675,1320352.0
1676,1174129.0
1677,1312189.0
1678,1303250.0
1679,1320352.0
1680,251278.0
1681,266580.0
1682,210381.0
1683,244798.0
1684,251278.0
1685,266580.0
1686,111247.0
1687,165889.0
1688,175798.0
1689,128322.0
1690,111247.0
1691,165889.0
1692,2151809.0
1693,2276368.0
1694,1716123.0
1695,1941416.0
1696,2151809.0
1697,2276368.0
1698,4587582.0
1699,4415478.0
1700,4122788.0
1701,4486294.0
1702,4587582.0
1703,4415478.0
1704,3051686.0
1705,3040059.0
1706,2093798.0
1707,2781787.0
1708,3051686.0
1709,3040059.0
1710,24543244.0
1711,24665135.0
1712,19919041.0
1713,24590120.0
1714,24543244.0
1715,24665135.0
1716,160140.0
1717,191928.0
1718,148468.0
1719,153667.0
1720,160140.0
1721,191928.0
1722,1015842.0
1723,859383.0
1724,579940.0
1725,919386.0
1726,1015842.0
1727,859383.0
1728,323056.0
1729,299244.0
1730,203948.0
1731,280266.0
1732,323056.0
1733,299244.0
1734,1295477.0
1735,1268633.0
1736,1242645.0
1737,1271862.0
1738,1295477.0
1739,1268633.0
1740,1762548.0
1741,1770247.0
1742,1725728.0
1743,1759824.0
1744,1762548.0
1745,1770247.0
1746,9342787.0
1747,8659508.0
1748,7707719.0
1749,9427986.0
1750,9342787.0
1751,8659508.0
1752,425030.0
1753,451533.0
1754,442882.0
1755,427970.0
1756,425030.0
1757,451533.0
1758,120613.0
1759,120981.0
1760,117773.0
1761,118732.0
1762,120613.0
1763,120981.0
1764,177563.0
1765,196390.0
1766,199601.0
1767,174076.0
1768,177563.0
1769,196390.0
1770,2615289.0
1771,2741662.0
1772,2473424.0
1773,2666371.0
1774,2615289.0
1775,2741662.0
1776,37382333.0
1777,37561689.0
1778,30492425.0
1779,35988362.0
1780,37382333.0
1781,37561689.0
1782,482783.0
1783,511262.0
1784,310519.0
1785,338689.0
1786,482783.0
1787,511262.0
1788,2726819.0
1789,2577232.0
1790,1925542.0
1791,2532419.0
1792,2726819.0
1793,2577232.0
1794,597001.0
1795,597622.0
1796,487861.0
1797,581479.0
1798,597001.0
1799,597622.0
1800,1587028.0
1801,1630141.0
1802,1291960.0
1803,1551463.0
1804,1587028.0
1805,1630141.0
1806,1663574.0
1807,1527644.0
1808,1320072.0
1809,1644107.0
1810,1663574.0
1811,1527644.0
1812,193307.0
1813,194774.0
1814,170179.0
1815,183529.0
1816,193307.0
1817,194774.0
1818,13289311.0
1819,13229183.0
1820,10273811.0
1821,13188517.0
1822,13289311.0
1823,13229183.0
1824,1498729.0
1825,1458397.0
1826,996193.0
1827,1601527.0
1828,1498729.0
1829,1458397.0
1830,608741.0
1831,650957.0
1832,476558.0
1833,478995.0
1834,608741.0
1835,650957.0
1836,850716.0
1837,1200443.0
1838,395733.0
1839,417063.0
1840,850716.0
1841,1200443.0
1842,1074218.0
1843,1088491.0
1844,1000295.0
1845,1097307.0
1846,1074218.0
1847,1088491.0
1848,635632.0
1849,660897.0
1850,590398.0
1851,661899.0
1852,635632.0
1853,660897.0
1854,16184345.0
1855,15879487.0
1856,13676945.0
1857,16065915.0
1858,16184345.0
1859,15879487.0
1860,311635.0
1861,358920.0
1862,264986.0
1863,270856.0
1864,311635.0
1865,358920.0
1866,324129.0
1867,436087.0
1868,314546.0
1869,299997.0
1870,324129.0
1871,436087.0
1872,402834.0
1873,462638.0
1874,414017.0
1875,399289.0
1876,402834.0
1877,462638.0
1878,692773.0
1879,834132.0
1880,653909.0
1881,672056.0
1882,692773.0
1883,834132.0
1884,204935.0
1885,200184.0
1886,215842.0
1887,224518.0
1888,204935.0
1889,200184.0
1890,2021074.0
1891,2007587.0
1892,1854520.0
1893,1990910.0
1894,2021074.0
1895,2007587.0
1896,6676759.0
1897,7239812.0
1898,6269887.0
1899,7945240.0
1900,6676759.0
1901,7239812.0
1902,149589.0
1903,157291.0
1904,147095.0
1905,146890.0
1906,149589.0
1907,157291.0
1908,4982636.0
1909,4968946.0
1910,4313774.0
1911,5038546.0
1912,4982636.0
1913,4968946.0
1914,1449284.0
1915,1409456.0
1916,1316918.0
1917,1434639.0
1918,1449284.0
1919,1409456.0
1920,110753.0
1921,225546.0
1922,122200.0
1923,119105.0
1924,110753.0
1925,225546.0
1926,2057013.0
1927,2034991.0
1928,1353470.0
1929,1868110.0
1930,2057013.0
1931,2034991.0
1932,31988380.0
1933,34207092.0
1934,25979256.0
1935,31645167.0
1936,31988380.0
1937,34207092.0
1938,4697762.0
1939,4635612.0
1940,3471313.0
1941,4492451.0
1942,4697762.0
1943,4635612.0
1944,566826.0
1945,485915.0
1946,392700.0
1947,536853.0
1948,566826.0
1949,485915.0
1950,3038630.0
1951,3152320.0
1952,2239757.0
1953,2783982.0
1954,3038630.0
1955,3152320.0
1956,580180.0
1957,585563.0
1958,553947.0
1959,590835.0
1960,580180.0
1961,585563.0
1962,273311.0
1963,278644.0
1964,208189.0
1965,215889.0
1966,273311.0
1967,278644.0
1968,1005466.0
1969,1070976.0
1970,1152502.0
1971,1060264.0
1972,1005466.0
1973,1070976.0
1974,3857122.0
1975,3477587.0
1976,3071816.0
1977,3905402.0
1978,3857122.0
1979,3477587.0
1980,864344.0
1981,734088.0
1982,725384.0
1983,989030.0
1984,864344.0
1985,734088.0
1986,982502.0
1987,899368.0
1988,760242.0
1989,937869.0
1990,982502.0
1991,899368.0
1992,114239.0
1993,124163.0
1994,135585.0
1995,148396.0
1996,114239.0
1997,124163.0
1998,1331091.0
1999,1349902.0
2000,1304525.0
2001,1325994.0
2002,1331091.0
2003,1349902.0
2004,4321791.0
2005,4005437.0
2006,3112097.0
2007,4365961.0
2008,4321791.0
2009,4005437.0
2010,63172709.0
2011,63000554.0
2012,55888640.0
2013,63395252.0
2014,63172709.0
2015,63000554.0
2016,1724316.0
2017,1581897.0
2018,1337754.0
2019,2143876.0
2020,1724316.0
2021,1581897.0
2022,210816.0
2023,103150.0
2024,236603.0
2025,244398.0
2026,210816.0
2027,103150.0
2028,4911576.0
2029,5224003.0
2030,3938179.0
2031,4561148.0
2032,4911576.0
2033,5224003.0
2034,6966932.0
2035,7027239.0
2036,6986574.0
2037,7014135.0
2038,6966932.0
2039,7027239.0
2040,30959741.0
2041,31695744.0
2042,26901145.0
2043,31243918.0
2044,30959741.0
2045,31695744.0
2046,303829.0
2047,301930.0
2048,280025.0
2049,281948.0
2050,303829.0
2051,301930.0
2052,239997.0
2053,295418.0
2054,152606.0
2055,211800.0
2056,239997.0
2057,295418.0
2058,81183.0
2059,77186.0
2060,51673.0
2061,87064.0
2062,81183.0
2063,77186.0
2064,189175258.0
2065,216069459.0
2066,162590408.0
2067,184553225.0
2068,189175258.0
2069,216069459.0
2070,1480774.0
2071,1452438.0
2072,931244.0
2073,1124065.0
2074,1480774.0
2075,1452438.0
2076,215392877.0
2077,207817513.0
2078,179756073.0
2079,214451460.0
2080,215392877.0
2081,207817513.0
2082,636750.0
2083,654085.0
2084,539192.0
2085,613518.0
2086,636750.0
2087,654085.0
2088,23761676.0
2089,23219141.0
2090,20086796.0
2091,23476611.0
2092,23761676.0
2093,23219141.0
2094,1792168.0
2095,1736573.0
2096,1449832.0
2097,1589058.0
2098,1792168.0
2099,1736573.0
2100,4534893.0
2101,4478413.0
2102,3595148.0
2103,4307496.0
2104,4534893.0
2105,4478413.0
2106,2238954.0
2107,2228854.0
2108,1435456.0
2109,2217597.0
2110,2238954.0
2111,2228854.0
2112,2350142.0
2113,2327707.0
2114,1913231.0
2115,2338630.0
2116,2350142.0
2117,2327707.0
2118,18555284.0
2119,18524962.0
2120,15752898.0
2121,18644088.0
2122,18555284.0
2123,18524962.0
2124,360278.0
2125,394488.0
2126,238212.0
2127,279634.0
2128,360278.0
2129,394488.0
2130,14275939.0
2131,14277883.0
2132,11039042.0
2133,14283481.0
2134,14275939.0
2135,14277883.0
2136,459553.0
2137,589007.0
2138,401159.0
2139,473584.0
2140,459553.0
2141,589007.0
2142,52623.0
2143,52574.0
2144,46318.0
2145,54411.0
2146,52623.0
2147,52574.0
2148,245149.0
2149,265060.0
2150,206869.0
2151,238503.0
2152,245149.0
2153,265060.0
2154,1035851.0
2155,1043371.0
2156,791753.0
2157,1002825.0
2158,1035851.0
2159,1043371.0
2160,230634.0
2161,230143.0
2162,263884.0
2163,256188.0
2164,230634.0
2165,230143.0
2166,847278.0
2167,864002.0
2168,751381.0
2169,859414.0
2170,847278.0
2171,864002.0
2172,1417914.0
2173,1403464.0
2174,1128126.0
2175,1379774.0
2176,1417914.0
2177,1403464.0
2178,382916.0
2179,459365.0
2180,414168.0
2181,320100.0
2182,382916.0
2183,459365.0
2184,169807.0
2185,132284.0
2186,79198.0
2187,158822.0
2188,169807.0
2189,132284.0
2190,452432.0
2191,457007.0
2192,430290.0
2193,433164.0
2194,452432.0
2195,457007.0
2196,5380161.0
2197,5340975.0
2198,4303676.0
2199,5442044.0
2200,5380161.0
2201,5340975.0
2202,182295.0
2203,194084.0
2204,214632.0
2205,219492.0
2206,182295.0
2207,194084.0
2208,442156.0
2209,429929.0
2210,335866.0
2211,426834.0
2212,442156.0
2213,429929.0
2214,31231591.0
2215,28841244.0
2216,23298740.0
2217,30461444.0
2218,31231591.0
2219,28841244.0
2220,2623131.0
2221,2715947.0
2222,2344197.0
2223,2681441.0
2224,2623131.0
2225,2715947.0
2226,1080332.0
2227,1111856.0
2228,556043.0
2229,768562.0
2230,1080332.0
2231,1111856.0
2232,231560.0
2233,317782.0
2234,172434.0
2235,217723.0
2236,231560.0
2237,317782.0
2238,224916.0
2239,364956.0
2240,210420.0
2241,227874.0
2242,224916.0
2243,364956.0
2244,195537.0
2245,171971.0
2246,121462.0
2247,207067.0
2248,195537.0
2249,171971.0
2250,170075.0
2251,169078.0
2252,105722.0
2253,176751.0
2254,170075.0
2255,169078.0
2256,720832.0
2257,1665415.0
2258,628733.0
2259,666536.0
2260,720832.0
2261,1665415.0
2262,1263097.0
2263,1526848.0
2264,959560.0
2265,1075412.0
2266,1263097.0
2267,1526848.0
2268,758387.0
2269,907332.0
2270,607914.0
2271,603999.0
2272,758387.0
2273,907332.0
2274,1865623.0
2275,1742760.0
2276,1403044.0
2277,1739929.0
2278,1865623.0
2279,1742760.0
2280,813380.0
2281,821305.0
2282,642090.0
2283,703161.0
2284,813380.0
2285,821305.0
2286,3378561.0
2287,3418591.0
2288,2407925.0
2289,3345588.0
2290,3378561.0
2291,3418591.0
2292,25883691.0
2293,26085034.0
2294,23689234.0
2295,25748524.0
2296,25883691.0
2297,26085034.0
2298,1849620.0
2299,1822952.0
2300,1054220.0
2301,1569853.0
2302,1849620.0
2303,1822952.0
2304,40135177.0
2305,41143665.0
2306,35215461.0
2307,40498276.0
2308,40135177.0
2309,41143665.0
2310,921906.0
2311,833338.0
2312,736202.0
2313,917755.0
2314,921906.0
2315,833338.0
2316,1873143.0
2317,1819366.0
2318,1485380.0
2319,1827491.0
2320,1873143.0
2321,1819366.0
2322,850881.0
2323,871861.0
2324,736482.0
2325,849820.0
2326,850881.0
2327,871861.0
2328,774099220.0
2329,781583729.0
2330,695752695.0
2331,742090122.0
2332,774099220.0
2333,781583729.0
2334,5326444.0
2335,5318418.0
2336,4302666.0
2337,5245127.0
2338,5326444.0
2339,5318418.0
2340,1445504.0
2341,1380338.0
2342,1093893.0
2343,1419618.0
2344,1445504.0
2345,1380338.0
2346,1204164.0
2347,1026743.0
2348,908674.0
2349,1330348.0
2350,1204164.0
2351,1026743.0
2352,1354564.0
2353,1276864.0
2354,893118.0
2355,1385141.0
2356,1354564.0
2357,1276864.0
2358,2792384.0
2359,2631045.0
2360,2411147.0
2361,2802447.0
2362,2792384.0
2363,2631045.0
2364,29828699.0
2365,28845226.0
2366,23262886.0
2367,30328350.0
2368,29828699.0
2369,28845226.0
2370,2712708.0
2371,2723324.0
2372,2401560.0
2373,2765472.0
2374,2712708.0
2375,2723324.0
2376,91576629.0
2377,90791280.0
2378,75000544.0
2379,92239590.0
2380,91576629.0
2381,90791280.0
2382,8868034.0
2383,9399639.0
2384,7299553.0
2385,9438988.0
2386,8868034.0
2387,9399639.0
2388,7813222.0
2389,10047708.0
2390,9401806.0
2391,7629050.0
2392,7813222.0
2393,10047708.0
2394,1281200.0
2395,1270340.0
2396,709342.0
2397,1277625.0
2398,1281200.0
2399,1270340.0
2400,2008681.0
2401,1921769.0
2402,892878.0
2403,1949364.0
2404,2008681.0
2405,1921769.0
2406,1661767.0
2407,1568196.0
2408,779390.0
2409,1593708.0
2410,1661767.0
2411,1568196.0
2412,2855850.0
2413,2746027.0
2414,2338552.0
2415,2842939.0
2416,2855850.0
2417,2746027.0
2418,185284.0
2419,174764.0
2420,225831.0
2421,181503.0
2422,185284.0
2423,174764.0
2424,983619.0
2425,897293.0
2426,705839.0
2427,1209480.0
2428,983619.0
2429,897293.0
2430,3210826.0
2431,3238441.0
2432,2621258.0
2433,3271975.0
2434,3210826.0
2435,3238441.0
2436,11255709.0
2437,11140533.0
2438,9094005.0
2439,11123565.0
2440,11255709.0
2441,11140533.0
2442,275175.0
2443,243461.0
2444,210861.0
2445,579992.0
2446,275175.0
2447,243461.0
2448,203281.0
2449,205332.0
2450,172873.0
2451,202424.0
2452,203281.0
2453,205332.0
2454,151374.0
2455,179573.0
2456,205174.0
2457,176167.0
2458,151374.0
2459,179573.0
2460,3053692.0
2461,3026754.0
2462,1896183.0
2463,2819750.0
2464,3053692.0
2465,3026754.0
2466,2799795.0
2467,2687476.0
2468,1901261.0
2469,2601251.0
2470,2799795.0
2471,2687476.0
2472,1924001.0
2473,2156065.0
2474,1682563.0
2475,1853549.0
2476,1924001.0
2477,2156065.0
2478,6850290.0
2479,5872140.0
2480,4145523.0
2481,6156880.0
2482,6850290.0
2483,5872140.0
2484,887878.0
2485,948165.0
2486,730569.0
2487,850744.0
2488,887878.0
2489,948165.0
2490,274859.0
2491,286782.0
2492,236503.0
2493,271292.0
2494,274859.0
2495,286782.0
2496,7175916.0
2497,7168345.0
2498,6115814.0
2499,7103915.0
2500,7175916.0
2501,7168345.0
2502,1967416.0
2503,1947972.0
2504,1636720.0
2505,1879513.0
2506,1967416.0
2507,1947972.0
2508,573116.0
2509,581885.0
2510,506295.0
2511,560568.0
2512,573116.0
2513,581885.0
2514,15722989.0
2515,15956937.0
2516,13313209.0
2517,15833491.0
2518,15722989.0
2519,15956937.0
2520,157694.0
2521,124947.0
2522,133127.0
2523,128544.0
2524,157694.0
2525,124947.0
2526,1265583.0
2527,1281003.0
2528,1234545.0
2529,1243713.0
2530,1265583.0
2531,1281003.0
2532,393196.0
2533,409796.0
2534,355507.0
2535,393318.0
2536,393196.0
2537,409796.0
2538,649364.0
2539,644022.0
2540,340797.0
2541,649775.0
2542,649364.0
2543,644022.0
2544,2179891.0
2545,2328768.0
2546,1718033.0
2547,2179608.0
2548,2179891.0
2549,2328768.0
2550,42087409.0
2551,41997462.0
2552,36560400.0
2553,42673705.0
2554,42087409.0
2555,41997462.0
2556,184098.0
2557,167779.0
2558,137906.0
2559,168071.0
2560,184098.0
2561,167779.0
2562,84130.0
2563,85998.0
2564,76370.0
2565,76217.0
2566,84130.0
2567,85998.0
2568,24731291.0
2569,24448646.0
2570,20178713.0
2571,24236282.0
2572,24731291.0
2573,24448646.0
2574,43289205.0
2575,43393295.0
2576,33981941.0
2577,43267347.0
2578,43289205.0
2579,43393295.0
2580,1399541.0
2581,1375286.0
2582,1151266.0
2583,1383882.0
2584,1399541.0
2585,1375286.0
2586,344278.0
2587,343666.0
2588,317100.0
2589,335375.0
2590,344278.0
2591,343666.0
2592,690544.0
2593,693929.0
2594,682684.0
2595,692968.0
2596,690544.0
2597,693929.0
2598,249193.0
2599,244170.0
2600,222229.0
2601,235082.0
2602,249193.0
2603,244170.0
2604,84419670.0
2605,85053798.0
2606,70786532.0
2607,84284404.0
2608,84419670.0
2609,85053798.0
2610,407865.0
2611,437730.0
2612,379410.0
2613,419215.0
2614,407865.0
2615,437730.0
2616,356076.0
2617,428339.0
2618,188597.0
2619,170056.0
2620,356076.0
2621,428339.0
2622,2434880.0
2623,2369221.0
2624,1807943.0
2625,2320790.0
2626,2434880.0
2627,2369221.0
2628,2375403.0
2629,2415155.0
2630,2271403.0
2631,2328317.0
2632,2375403.0
2633,2415155.0
2634,10667564.0
2635,10607721.0
2636,10103244.0
2637,10540978.0
2638,10667564.0
2639,10607721.0
2640,1298776.0
2641,1285395.0
2642,1155559.0
2643,1298957.0
2644,1298776.0
2645,1285395.0
2646,2288119.0
2647,1873119.0
2648,1627270.0
2649,2487372.0
2650,2288119.0
2651,1873119.0
2652,70769.0
2653,66397.0
2654,60461.0
2655,67616.0
2656,70769.0
2657,66397.0
2658,213342.0
2659,195771.0
2660,142946.0
2661,359085.0
2662,213342.0
2663,195771.0
2664,10883800.0
2665,10892322.0
2666,9134881.0
2667,10771764.0
2668,10883800.0
2669,10892322.0
2670,3428722.0
2671,3389269.0
2672,2222008.0
2673,3106549.0
2674,3428722.0
2675,3389269.0
2676,1412678.0
2677,1370996.0
2678,787349.0
2679,1166708.0
2680,1412678.0
2681,1370996.0
2682,2740032.0
2683,2733689.0
2684,2353356.0
2685,2754767.0
2686,2740032.0
2687,2733689.0
2688,121970.0
2689,172742.0
2690,118341.0
2691,119230.0
2692,121970.0
2693,172742.0
2694,7810864.0
2695,7773518.0
2696,6464395.0
2697,7834161.0
2698,7810864.0
2699,7773518.0
2700,384604.0
2701,349165.0
2702,329140.0
2703,379142.0
2704,384604.0
2705,349165.0
2706,692980.0
2707,731325.0
2708,669337.0
2709,713235.0
2710,692980.0
2711,731325.0
2712,399317.0
2713,399090.0
2714,365844.0
2715,375874.0
2716,399317.0
2717,399090.0
2718,9306505.0
2719,8998734.0
2720,7843308.0
2721,9220442.0
2722,9306505.0
2723,8998734.0
2724,506244.0
2725,609826.0
2726,475756.0
2727,488081.0
2728,506244.0
2729,609826.0
2730,17409224.0
2731,17760055.0
2732,15121861.0
2733,17633870.0
2734,17409224.0
2735,17760055.0
2736,670044.0
2737,643504.0
2738,626983.0
2739,655872.0
2740,670044.0
2741,643504.0
2742,1276556.0
2743,1284818.0
2744,1146118.0
2745,1270045.0
2746,1276556.0
2747,1284818.0
2748,2725659.0
2749,2682637.0
2750,2177276.0
2751,2652808.0
2752,2725659.0
2753,2682637.0
2754,99239064.0
2755,99562882.0
2756,83239741.0
2757,99597734.0
2758,99239064.0
2759,99562882.0
2760,812239.0
2761,1101148.0
2762,647381.0
2763,803292.0
2764,812239.0
2765,1101148.0
2766,4525393.0
2767,4531293.0
2768,4026832.0
2769,4744838.0
2770,4525393.0
2771,4531293.0
2772,906299.0
2773,1176985.0
2774,184873.0
2775,492902.0
2776,906299.0
2777,1176985.0
2778,3618400.0
2779,3663526.0
2780,2827866.0
2781,3458103.0
2782,3618400.0
2783,3663526.0
2784,1759659.0
2785,2091259.0
2786,1718163.0
2787,1739784.0
2788,1759659.0
2789,2091259.0
2790,1292604.0
2791,1277311.0
2792,952727.0
2793,1229386.0
2794,1292604.0
2795,1277311.0
2796,3062666.0
2797,3066962.0
2798,2375716.0
2799,2991710.0
2800,3062666.0
2801,3066962.0
2802,7378118.0
2803,6915653.0
2804,7051170.0
2805,7364705.0
2806,7378118.0
2807,6915653.0
2808,1528113.0
2809,1541092.0
2810,1064477.0
2811,1466749.0
2812,1528113.0
2813,1541092.0
2814,193444.0
2815,196072.0
2816,188981.0
2817,204650.0
2818,193444.0
2819,196072.0
2820,1361679.0
2821,1241635.0
2822,826156.0
2823,949379.0
2824,1361679.0
2825,1241635.0
2826,2366557.0
2827,2266584.0
2828,797298.0
2829,2008783.0
2830,2366557.0
2831,2266584.0
2832,6556080.0
2833,6630426.0
2834,5595353.0
2835,6301512.0
2836,6556080.0
2837,6630426.0
2838,225934.0
2839,239867.0
2840,207043.0
2841,232300.0
2842,225934.0
2843,239867.0
2844,15023887.0
2845,14877945.0
2846,12124972.0
2847,15603643.0
2848,15023887.0
2849,14877945.0
2850,103500.0
2851,115950.0
2852,120632.0
2853,98363.0
2854,103500.0
2855,115950.0
2856,703722.0
2857,860825.0
2858,587301.0
2859,694411.0
2860,703722.0
2861,860825.0
2862,307576.0
2863,292244.0
2864,120741.0
2865,279229.0
2866,307576.0
2867,292244.0
2868,10597067.0
2869,10873419.0
2870,8761489.0
2871,9882543.0
2872,10597067.0
2873,10873419.0
2874,9364217.0
2875,8763939.0
2876,2866694.0
2877,7893486.0
2878,9364217.0
2879,8763939.0
2880,516723.0
2881,513327.0
2882,462093.0
2883,476297.0
2884,516723.0
2885,513327.0
2886,504568.0
2887,488065.0
2888,440165.0
2889,477064.0
2890,504568.0
2891,488065.0
2892,2510030.0
2893,2242164.0
2894,1733349.0
2895,2352451.0
2896,2510030.0
2897,2242164.0
2898,1356034.0
2899,1362387.0
2900,1088597.0
2901,1409035.0
2902,1356034.0
2903,1362387.0
2904,2134830.0
2905,2112183.0
2906,1795240.0
2907,2116369.0
2908,2134830.0
2909,2112183.0
2910,36589754.0
2911,36635906.0
2912,31962141.0
2913,37064578.0
2914,36589754.0
2915,36635906.0
2916,1292109.0
2917,1221453.0
2918,705101.0
2919,1002758.0
2920,1292109.0
2921,1221453.0
2922,3510055.0
2923,3521196.0
2924,3205346.0
2925,3436649.0
2926,3510055.0
2927,3521196.0
2928,176602487.0
2929,184729087.0
2930,152504391.0
2931,168916696.0
2932,176602487.0
2933,184729087.0
2934,189561.0
2935,187657.0
2936,168273.0
2937,187650.0
2938,189561.0
2939,187657.0
2940,438371.0
2941,434330.0
2942,291500.0
2943,428778.0
2944,438371.0
2945,434330.0
2946,688186.0
2947,686008.0
2948,625126.0
2949,675285.0
2950,688186.0
2951,686008.0
2952,2859143.0
2953,2837615.0
2954,2313219.0
2955,2830229.0
2956,2859143.0
2957,2837615.0
2958,481264.0
2959,503637.0
2960,485348.0
2961,483460.0
2962,481264.0
2963,503637.0
2964,4874757.0
2965,4887981.0
2966,3906762.0
2967,4849930.0
2968,4874757.0
2969,4887981.0
2970,712400.0
2971,683636.0
2972,597710.0
2973,714207.0
2974,712400.0
2975,683636.0
2976,126704591.0
2977,124222871.0
2978,96055394.0
2979,125138037.0
2980,126704591.0
2981,124222871.0
2982,183758283.0
2983,187787918.0
2984,166713852.0
2985,179695363.0
2986,183758283.0
2987,187787918.0
2988,3269770.0
2989,3251144.0
2990,3174413.0
2991,3237357.0
2992,3269770.0
2993,3251144.0
2994,3179297.0
2995,2806953.0
2996,2867652.0
2997,3792480.0
2998,3179297.0
2999,2806953.0
3000,837846850.0
3001,843276113.0
3002,790552364.0
3003,832294066.0
3004,837846850.0
3005,843276113.0
3006,792519.0
3007,820110.0
3008,835530.0
3009,788523.0
3010,792519.0
3011,820110.0
3012,43182509.0
3013,40435170.0
3014,32586809.0
3015,43238683.0
3016,43182509.0
3017,40435170.0
3018,12817670.0
3019,11940055.0
3020,9627936.0
3021,12714574.0
3022,12817670.0
3023,11940055.0
3024,13396628.0
3025,13186965.0
3026,11612266.0
3027,13046853.0
3028,13396628.0
3029,13186965.0
3030,4266861.0
3031,3265510.0
3032,2247801.0
3033,4137764.0
3034,4266861.0
3035,3265510.0
3036,1632865.0
3037,1518571.0
3038,945356.0
3039,1560172.0
3040,1632865.0
3041,1518571.0
3042,13438750.0
3043,13384226.0
3044,12635094.0
3045,13379143.0
3046,13438750.0
3047,13384226.0
3048,7605098.0
3049,7185964.0
3050,6872511.0
3051,7617402.0
3052,7605098.0
3053,7185964.0
3054,439309.0
3055,447696.0
3056,386683.0
3057,395799.0
3058,439309.0
3059,447696.0
3060,5392778.0
3061,5314200.0
3062,3908541.0
3063,6147467.0
3064,5392778.0
3065,5314200.0
3066,265095583.0
3067,263902170.0
3068,227862785.0
3069,264475389.0
3070,265095583.0
3071,263902170.0
3072,1444566.0
3073,1473003.0
3074,1248391.0
3075,1449985.0
3076,1444566.0
3077,1473003.0
3078,555425.0
3079,542742.0
3080,555836.0
3081,555407.0
3082,555425.0
3083,542742.0
3084,458616.0
3085,463434.0
3086,388325.0
3087,442043.0
3088,458616.0
3089,463434.0
3090,1949706.0
3091,1881423.0
3092,927321.0
3093,1049543.0
3094,1949706.0
3095,1881423.0
3096,2408616.0
3097,2383793.0
3098,1975326.0
3099,2367088.0
3100,2408616.0
3101,2383793.0
3102,187447.0
3103,179551.0
3104,213459.0
3105,192742.0
3106,187447.0
3107,179551.0
3108,1177035.0
3109,1177035.0
3110,1122265.0
3111,1172396.0
3112,1177035.0
3113,1177035.0
3114,1332297.0
3115,1346309.0
3116,1080780.0
3117,1263160.0
3118,1332297.0
3119,1346309.0
3120,2293069.0
3121,2204399.0
3122,1473959.0
3123,2074161.0
3124,2293069.0
3125,2204399.0
3126,7067916.0
3127,7030139.0
3128,6390736.0
3129,6957535.0
3130,7067916.0
3131,7030139.0
3132,218139.0
3133,220669.0
3134,199803.0
3135,215951.0
3136,218139.0
3137,220669.0
3138,24856273.0
3139,24943528.0
3140,20634580.0
3141,24916365.0
3142,24856273.0
3143,24943528.0
3144,313173.0
3145,311743.0
3146,335566.0
3147,281872.0
3148,313173.0
3149,311743.0
3150,5288896.0
3151,5189809.0
3152,4484514.0
3153,5271333.0
3154,5288896.0
3155,5189809.0
3156,1149350.0
3157,1185925.0
3158,1115477.0
3159,1150605.0
3160,1149350.0
3161,1185925.0
3162,169470.0
3163,170655.0
3164,190285.0
3165,197990.0
3166,169470.0
3167,170655.0
3168,10141385.0
3169,8543108.0
3170,8452996.0
3171,10474635.0
3172,10141385.0
3173,8543108.0
3174,330093.0
3175,350459.0
3176,310631.0
3177,339134.0
3178,330093.0
3179,350459.0
3180,578443.0
3181,584831.0
3182,584266.0
3183,576256.0
3184,578443.0
3185,584831.0
3186,661898.0
3187,669324.0
3188,557093.0
3189,645169.0
3190,661898.0
3191,669324.0
3192,2348200.0
3193,2096305.0
3194,1668488.0
3195,2306501.0
3196,2348200.0
3197,2096305.0
3198,2181851.0
3199,2130034.0
3200,1800243.0
3201,2146626.0
3202,2181851.0
3203,2130034.0
3204,5810134.0
3205,5769086.0
3206,4707973.0
3207,5798019.0
3208,5810134.0
3209,5769086.0
3210,1336980.0
3211,1418337.0
3212,1249309.0
3213,1292033.0
3214,1336980.0
3215,1418337.0
3216,1718799.0
3217,1676062.0
3218,1333162.0
3219,1639444.0
3220,1718799.0
3221,1676062.0
3222,87657537.0
3223,87294069.0
3224,75481375.0
3225,90695070.0
3226,87657537.0
3227,87294069.0
3228,1092562.0
3229,1005428.0
3230,797002.0
3231,1049898.0
3232,1092562.0
3233,1005428.0
3234,508412036.0
3235,525104144.0
3236,471851001.0
3237,504209481.0
3238,508412036.0
3239,525104144.0
3240,312879.0
3241,300324.0
3242,152588.0
3243,322055.0
3244,312879.0
3245,300324.0
3246,16186475.0
3247,16382490.0
3248,12209982.0
3249,16166898.0
3250,16186475.0
3251,16382490.0
3252,6811342.0
3253,5565342.0
3254,4131681.0
3255,6057253.0
3256,6811342.0
3257,5565342.0
3258,969572.0
3259,611140.0
3260,299771.0
3261,653986.0
3262,969572.0
3263,611140.0
3264,844035.0
3265,589522.0
3266,431509.0
3267,648663.0
3268,844035.0
3269,589522.0
3270,13345591.0
3271,12613556.0
3272,11609484.0
3273,13094638.0
3274,13345591.0
3275,12613556.0
3276,642023.0
3277,723804.0
3278,586194.0
3279,631182.0
3280,642023.0
3281,723804.0
3282,375309.0
3283,340624.0
3284,207398.0
3285,327463.0
3286,375309.0
3287,340624.0
3288,1596697.0
3289,1588935.0
3290,1362320.0
3291,1473467.0
3292,1596697.0
3293,1588935.0
3294,16483334.0
3295,16453629.0
3296,14519245.0
3297,16373558.0
3298,16483334.0
3299,16453629.0
3300,579292.0
3301,899365.0
3302,509672.0
3303,527763.0
3304,579292.0
3305,899365.0
3306,727066.0
3307,814129.0
3308,642050.0
3309,714282.0
3310,727066.0
3311,814129.0
3312,346526.0
3313,375182.0
3314,232013.0
3315,340951.0
3316,346526.0
3317,375182.0
3318,2433838.0
3319,2431692.0
3320,1810218.0
3321,2242033.0
3322,2433838.0
3323,2431692.0
3324,798578.0
3325,804240.0
3326,569641.0
3327,782911.0
3328,798578.0
3329,804240.0
3330,784154.0
3331,791388.0
3332,460368.0
3333,748030.0
3334,784154.0
3335,791388.0
3336,5952372.0
3337,5449451.0
3338,4232723.0
3339,5815681.0
3340,5952372.0
3341,5449451.0
3342,2216075.0
3343,2197866.0
3344,1834549.0
3345,2183179.0
3346,2216075.0
3347,2197866.0
3348,5259825.0
3349,5420052.0
3350,4259077.0
3351,4760426.0
3352,5259825.0
3353,5420052.0
3354,1532453.0
3355,1535401.0
3356,1409924.0
3357,1860943.0
3358,1532453.0
3359,1535401.0
3360,1227774.0
3361,989954.0
3362,548218.0
3363,1062398.0
3364,1227774.0
3365,989954.0
3366,19135828.0
3367,18644188.0
3368,14418088.0
3369,18919369.0
3370,19135828.0
3371,18644188.0
3372,13262156.0
3373,13395219.0
3374,11208226.0
3375,13168262.0
3376,13262156.0
3377,13395219.0
3378,35261340.0
3379,35439892.0
3380,29382148.0
3381,34931877.0
3382,35261340.0
3383,35439892.0
3384,415714.0
3385,774270.0
3386,214068.0
3387,249423.0
3388,415714.0
3389,774270.0
3390,118306.0
3391,150799.0
3392,146562.0
3393,121400.0
3394,118306.0
3395,150799.0
3396,1296021.0
3397,1302484.0
3398,1114709.0
3399,1278514.0
3400,1296021.0
3401,1302484.0
3402,1051748.0
3403,1032833.0
3404,980532.0
3405,1060451.0
3406,1051748.0
3407,1032833.0
3408,2716848.0
3409,2747003.0
3410,2414886.0
3411,2703599.0
3412,2716848.0
3413,2747003.0
3414,224065.0
3415,374819.0
3416,205280.0
3417,192599.0
3418,224065.0
3419,374819.0
3420,603114.0
3421,593578.0
3422,535320.0
3423,595416.0
3424,603114.0
3425,593578.0
3426,12778011.0
3427,12848345.0
3428,9940390.0
3429,12546190.0
3430,12778011.0
3431,12848345.0
3432,919251.0
3433,834761.0
3434,593663.0
3435,652412.0
3436,919251.0
3437,834761.0
3438,3194830.0
3439,2172994.0
3440,1799498.0
3441,3203020.0
3442,3194830.0
3443,2172994.0
3444,10276633.0
3445,9946107.0
3446,8042021.0
3447,9890353.0
3448,10276633.0
3449,9946107.0
3450,520669.0
3451,532846.0
3452,533165.0
3453,525084.0
3454,520669.0
3455,532846.0
3456,280578.0
3457,278005.0
3458,269145.0
3459,268265.0
3460,280578.0
3461,278005.0
3462,137967.0
3463,147865.0
3464,148863.0
3465,137985.0
3466,137967.0
3467,147865.0
3468,2357482.0
3469,2318981.0
3470,1764129.0
3471,2366978.0
3472,2357482.0
3473,2318981.0
3474,114144.0
3475,116361.0
3476,112494.0
3477,114401.0
3478,114144.0
3479,116361.0
3480,278230.0
3481,299660.0
3482,238899.0
3483,248822.0
3484,278230.0
3485,299660.0
3486,2007113.0
3487,1953101.0
3488,1449443.0
3489,1936291.0
3490,2007113.0
3491,1953101.0
3492,3658612.0
3493,3650894.0
3494,2864131.0
3495,3565026.0
3496,3658612.0
3497,3650894.0
3498,7411653.0
3499,7452401.0
3500,6229956.0
3501,7378803.0
3502,7411653.0
3503,7452401.0
3504,2411939.0
3505,2369816.0
3506,2040075.0
3507,2363037.0
3508,2411939.0
3509,2369816.0
3510,3294395.0
3511,3296377.0
3512,2928912.0
3513,3327457.0
3514,3294395.0
3515,3296377.0
3516,328607.0
3517,315051.0
3518,253185.0
3519,299489.0
3520,328607.0
3521,315051.0
3522,2414078.0
3523,2376371.0
3524,2005158.0
3525,2593937.0
3526,2414078.0
3527,2376371.0
3528,164051.0
3529,160103.0
3530,172267.0
3531,167313.0
3532,164051.0
3533,160103.0
3534,2142984.0
3535,2057571.0
3536,1784802.0
3537,2145555.0
3538,2142984.0
3539,2057571.0
3540,28121106.0
3541,28435313.0
3542,24647010.0
3543,28822752.0
3544,28121106.0
3545,28435313.0
3546,164232.0
3547,166738.0
3548,179311.0
3549,170126.0
3550,164232.0
3551,166738.0
3552,517700.0
3553,504437.0
3554,420552.0
3555,514295.0
3556,517700.0
3557,504437.0
3558,603448.0
3559,625913.0
3560,477407.0
3561,590626.0
3562,603448.0
3563,625913.0
3564,2228089.0
3565,2283560.0
3566,1508990.0
3567,1805733.0
3568,2228089.0
3569,2283560.0
3570,567431.0
3571,570158.0
3572,474929.0
3573,570236.0
3574,567431.0
3575,570158.0
3576,2964406.0
3577,2932106.0
3578,2070540.0
3579,2723480.0
3580,2964406.0
3581,2932106.0
3582,407183.0
3583,497762.0
3584,303396.0
3585,400050.0
3586,407183.0
3587,497762.0
3588,584889.0
3589,580882.0
3590,525030.0
3591,584889.0
3592,584889.0
3593,580882.0
3594,453862.0
3595,429795.0
3596,344423.0
3597,455567.0
3598,453862.0
3599,429795.0
3600,153414.0
3601,173803.0
3602,130521.0
3603,149268.0
3604,153414.0
3605,173803.0
3606,932484.0
3607,943006.0
3608,771502.0
3609,966066.0
3610,932484.0
3611,943006.0
3612,94538204.0
3613,100638405.0
3614,84718705.0
3615,95468478.0
3616,94538204.0
3617,100638405.0
3618,2652213.0
3619,2526996.0
3620,928190.0
3621,2760851.0
3622,2652213.0
3623,2526996.0
3624,370247.0
3625,349735.0
3626,305542.0
3627,353560.0
3628,370247.0
3629,349735.0
3630,45261018.0
3631,44866430.0
3632,36912396.0
3633,45441627.0
3634,45261018.0
3635,44866430.0
3636,381759.0
3637,385689.0
3638,376882.0
3639,377571.0
3640,381759.0
3641,385689.0
3642,418560.0
3643,425348.0
3644,507406.0
3645,431606.0
3646,418560.0
3647,425348.0
3648,866235.0
3649,876561.0
3650,654298.0
3651,871796.0
3652,866235.0
3653,876561.0
3654,977633.0
3655,980406.0
3656,771312.0
3657,966740.0
3658,977633.0
3659,980406.0
3660,1207452.0
3661,1176944.0
3662,835810.0
3663,1182801.0
3664,1207452.0
3665,1176944.0
3666,553376.0
3667,561080.0
3668,529290.0
3669,547723.0
3670,553376.0
3671,561080.0
3672,121273.0
3673,102758.0
3674,112585.0
3675,119141.0
3676,121273.0
3677,102758.0
3678,11560878.0
3679,11572508.0
3680,8035801.0
3681,11560934.0
3682,11560878.0
3683,11572508.0
3684,6290496.0
3685,5543232.0
3686,5143207.0
3687,6053239.0
3688,6290496.0
3689,5543232.0
3690,24279124.0
3691,24422885.0
3692,20246913.0
3693,24402287.0
3694,24279124.0
3695,24422885.0
3696,3393497.0
3697,3343216.0
3698,2430728.0
3699,3348779.0
3700,3393497.0
3701,3343216.0
3702,367387.0
3703,360612.0
3704,460567.0
3705,281712.0
3706,367387.0
3707,360612.0
3708,470626.0
3709,430640.0
3710,276354.0
3711,372275.0
3712,470626.0
3713,430640.0
3714,3439381.0
3715,3456388.0
3716,2904042.0
3717,3431141.0
3718,3439381.0
3719,3456388.0
3720,1109330.0
3721,1156686.0
3722,916812.0
3723,1115335.0
3724,1109330.0
3725,1156686.0
3726,401404.0
3727,403165.0
3728,408637.0
3729,393313.0
3730,401404.0
3731,403165.0
3732,619150.0
3733,665670.0
3734,499426.0
3735,613669.0
3736,619150.0
3737,665670.0
3738,324844.0
3739,293977.0
3740,263801.0
3741,315862.0
3742,324844.0
3743,293977.0
3744,269275.0
3745,273383.0
3746,296514.0
3747,265262.0
3748,269275.0
3749,273383.0
3750,112928.0
3751,130702.0
3752,57124.0
3753,64609.0
3754,112928.0
3755,130702.0
3756,1253915.0
3757,1111503.0
3758,710340.0
3759,1272741.0
3760,1253915.0
3761,1111503.0
3762,229380.0
3763,205395.0
3764,225299.0
3765,226416.0
3766,229380.0
3767,205395.0
3768,123532152.0
3769,124675604.0
3770,105950570.0
3771,121350045.0
3772,123532152.0
3773,124675604.0
3774,1760727.0
3775,1748963.0
3776,1724830.0
3777,1740266.0
3778,1760727.0
3779,1748963.0
3780,931850.0
3781,950966.0
3782,1133768.0
3783,1092610.0
3784,931850.0
3785,950966.0
3786,449323.0
3787,403019.0
3788,466857.0
3789,466225.0
3790,449323.0
3791,403019.0
3792,2223568.0
3793,2223076.0
3794,1645634.0
3795,2184454.0
3796,2223568.0
3797,2223076.0
3798,6587424.0
3799,6558042.0
3800,6137938.0
3801,6438765.0
3802,6587424.0
3803,6558042.0
3804,400527.0
3805,402789.0
3806,397228.0
3807,402068.0
3808,400527.0
3809,402789.0
3810,2190348.0
3811,2051378.0
3812,1915737.0
3813,1870474.0
3814,2190348.0
3815,2051378.0
3816,3238814.0
3817,3046152.0
3818,1851683.0
3819,2872425.0
3820,3238814.0
3821,3046152.0
3822,44370988.0
3823,44425541.0
3824,34398826.0
3825,44331031.0
3826,44370988.0
3827,44425541.0
3828,1426951.0
3829,1408744.0
3830,907253.0
3831,1383499.0
3832,1426951.0
3833,1408744.0
3834,2030438.0
3835,2145422.0
3836,1339782.0
3837,1836214.0
3838,2030438.0
3839,2145422.0
3840,1333686.0
3841,1320780.0
3842,785560.0
3843,1263857.0
3844,1333686.0
3845,1320780.0
3846,542436.0
3847,543630.0
3848,420238.0
3849,496334.0
3850,542436.0
3851,543630.0
3852,1046768.0
3853,1019880.0
3854,815453.0
3855,996264.0
3856,1046768.0
3857,1019880.0
3858,93119.0
3859,80758.0
3860,110146.0
3861,101481.0
3862,93119.0
3863,80758.0
3864,2102564.0
3865,2138371.0
3866,1320200.0
3867,2011513.0
3868,2102564.0
3869,2138371.0
3870,557149.0
3871,592388.0
3872,503511.0
3873,523980.0
3874,557149.0
3875,592388.0
3876,450446.0
3877,443000.0
3878,450942.0
3879,444946.0
3880,450446.0
3881,443000.0
3882,2187658.0
3883,2305109.0
3884,1805001.0
3885,2443754.0
3886,2187658.0
3887,2305109.0
3888,1993186.0
3889,2069266.0
3890,1720019.0
3891,2019933.0
3892,1993186.0
3893,2069266.0
3894,922037.0
3895,917360.0
3896,833231.0
3897,920621.0
3898,922037.0
3899,917360.0
3900,5552900.0
3901,5503168.0
3902,5439866.0
3903,5707387.0
3904,5552900.0
3905,5503168.0
3906,11861644.0
3907,13569207.0
3908,12285501.0
3909,11708467.0
3910,11861644.0
3911,13569207.0
3912,1163254.0
3913,1104977.0
3914,1053603.0
3915,1155461.0
3916,1163254.0
3917,1104977.0
3918,329117.0
3919,423457.0
3920,290690.0
3921,308704.0
3922,329117.0
3923,423457.0
3924,354223.0
3925,376612.0
3926,294377.0
3927,330856.0
3928,354223.0
3929,376612.0
3930,1205368.0
3931,1129538.0
3932,842661.0
3933,1205790.0
3934,1205368.0
3935,1129538.0
3936,1230802.0
3937,1196985.0
3938,1022413.0
3939,1196693.0
3940,1230802.0
3941,1196985.0
3942,6837594.0
3943,6787786.0
3944,5428376.0
3945,6744912.0
3946,6837594.0
3947,6787786.0
3948,6079333.0
3949,6023016.0
3950,4842946.0
3951,5848247.0
3952,6079333.0
3953,6023016.0
3954,7391752.0
3955,7415307.0
3956,6217441.0
3957,7362849.0
3958,7391752.0
3959,7415307.0
3960,7139905.0
3961,7011680.0
3962,6001298.0
3963,6882847.0
3964,7139905.0
3965,7011680.0
3966,1766313.0
3967,1703724.0
3968,1735179.0
3969,1853646.0
3970,1766313.0
3971,1703724.0
